RNA_ID,Disease_ID,Score
0,34,1.0
1,34,1.0
2,11,1.0
2,24,1.0
3,3,1.0
3,11,1.0
3,24,1.0
3,34,1.0
4,3,1.0
4,11,1.0
4,24,1.0
4,34,1.0
5,3,1.0
5,11,1.0
5,24,1.0
5,34,1.0
7,3,1.0
7,24,1.0
7,34,1.0
8,3,1.0
8,11,1.0
8,24,1.0
8,34,1.0
9,3,1.0
9,11,1.0
9,24,1.0
10,7,1.0
10,21,1.0
10,37,1.0
10,76,1.0
10,91,1.0
10,102,1.0
18,9,1.0
23,7,1.0
23,11,1.0
23,34,1.0
23,54,1.0
24,42,1.0
24,99,1.0
26,34,1.0
26,42,1.0
26,54,1.0
27,110,1.0
29,34,1.0
30,0,1.0
30,7,1.0
30,26,1.0
30,45,1.0
30,52,1.0
30,82,1.0
30,102,1.0
30,110,1.0
31,54,1.0
31,110,1.0
32,16,1.0
32,110,1.0
33,9,1.0
33,16,1.0
33,53,1.0
33,82,1.0
33,110,1.0
35,34,1.0
36,34,1.0
36,42,1.0
36,99,1.0
37,54,1.0
37,110,1.0
38,2,1.0
38,24,1.0
38,34,1.0
38,42,1.0
38,99,1.0
41,54,1.0
41,110,1.0
42,34,1.0
43,9,1.0
43,23,1.0
43,82,1.0
43,110,1.0
44,9,1.0
44,23,1.0
44,53,1.0
44,82,1.0
44,110,1.0
45,16,1.0
45,23,1.0
45,77,1.0
45,82,1.0
45,110,1.0
46,42,1.0
46,54,1.0
47,34,1.0
48,34,1.0
48,42,1.0
49,9,1.0
50,9,1.0
50,34,1.0
50,53,1.0
51,9,1.0
51,23,1.0
52,34,1.0
53,34,1.0
53,82,1.0
55,9,1.0
55,82,1.0
59,34,1.0
61,34,1.0
62,34,1.0
62,82,1.0
64,23,1.0
64,99,1.0
65,23,1.0
65,53,1.0
65,82,1.0
66,34,1.0
66,53,1.0
68,34,1.0
69,23,1.0
69,34,1.0
70,23,1.0
70,34,1.0
70,53,1.0
72,53,1.0
73,34,1.0
73,53,1.0
73,82,1.0
74,9,1.0
74,53,1.0
75,9,1.0
75,34,1.0
75,53,1.0
76,53,1.0
76,82,1.0
77,9,1.0
77,34,1.0
77,53,1.0
78,34,1.0
79,34,1.0
79,53,1.0
80,34,1.0
81,34,1.0
81,53,1.0
82,34,1.0
82,53,1.0
83,9,1.0
84,34,1.0
85,34,1.0
86,34,1.0
86,53,1.0
87,23,1.0
87,53,1.0
89,23,1.0
89,53,1.0
90,9,1.0
90,53,1.0
91,23,1.0
91,34,1.0
91,53,1.0
92,9,1.0
92,53,1.0
93,9,1.0
93,34,1.0
94,9,1.0
94,34,1.0
95,9,1.0
95,23,1.0
97,9,1.0
97,53,1.0
98,9,1.0
98,34,1.0
99,34,1.0
100,9,1.0
100,23,1.0
102,9,1.0
104,9,1.0
104,82,1.0
105,23,1.0
105,53,1.0
105,82,1.0
106,34,1.0
106,53,1.0
108,23,1.0
108,53,1.0
108,82,1.0
109,34,1.0
109,53,1.0
110,23,1.0
110,34,1.0
111,9,1.0
111,34,1.0
112,23,1.0
112,34,1.0
112,53,1.0
113,23,1.0
113,34,1.0
114,9,1.0
114,34,1.0
115,34,1.0
115,82,1.0
116,9,1.0
116,82,1.0
117,9,1.0
117,34,1.0
118,34,1.0
118,82,1.0
119,9,1.0
119,23,1.0
120,9,1.0
120,82,1.0
121,9,1.0
121,82,1.0
122,34,1.0
123,9,1.0
124,9,1.0
124,34,1.0
126,34,1.0
127,34,1.0
128,9,1.0
128,53,1.0
129,23,1.0
129,53,1.0
130,9,1.0
130,23,1.0
130,82,1.0
131,9,1.0
131,23,1.0
132,9,1.0
132,23,1.0
132,53,1.0
133,34,1.0
138,34,1.0
139,34,1.0
144,54,1.0
146,54,1.0
147,2,1.0
147,9,1.0
147,34,1.0
148,34,1.0
148,54,1.0
149,2,1.0
149,9,1.0
149,34,1.0
149,38,1.0
149,99,1.0
151,34,1.0
152,34,1.0
158,11,1.0
158,34,1.0
159,9,1.0
159,23,1.0
159,53,1.0
161,54,1.0
165,9,1.0
165,23,1.0
165,53,1.0
165,82,1.0
172,54,1.0
173,54,1.0
175,54,1.0
176,54,1.0
177,11,1.0
177,34,1.0
179,11,1.0
183,99,1.0
184,11,1.0
192,54,1.0
193,54,1.0
194,54,1.0
196,34,1.0
197,54,1.0
200,11,1.0
201,54,1.0
202,34,1.0
202,54,1.0
204,34,1.0
205,54,1.0
206,34,1.0
207,54,1.0
208,42,1.0
208,54,1.0
212,42,1.0
212,54,1.0
214,11,1.0
222,54,1.0
224,54,1.0
227,54,1.0
229,54,1.0
233,54,1.0
234,54,1.0
235,54,1.0
236,34,1.0
237,38,1.0
237,39,1.0
237,42,1.0
237,54,1.0
237,55,1.0
237,99,1.0
239,54,1.0
242,34,1.0
245,42,1.0
248,2,1.0
248,24,1.0
248,39,1.0
248,55,1.0
251,34,1.0
251,99,1.0
255,42,1.0
255,54,1.0
258,54,1.0
264,54,1.0
265,54,1.0
266,42,1.0
266,54,1.0
267,34,1.0
267,42,1.0
267,54,1.0
267,99,1.0
268,42,1.0
268,54,1.0
270,42,1.0
270,54,1.0
271,54,1.0
272,54,1.0
277,54,1.0
278,34,1.0
278,54,1.0
285,54,1.0
286,42,1.0
286,54,1.0
287,54,1.0
289,54,1.0
294,54,1.0
295,42,1.0
304,54,1.0
305,34,1.0
316,54,1.0
319,54,1.0
329,54,1.0
331,54,1.0
334,2,1.0
334,3,1.0
334,11,1.0
334,24,1.0
334,38,1.0
334,55,1.0
334,75,1.0
334,91,1.0
334,99,1.0
2,34,0.9999998807907104
6,42,0.9999998807907104
9,34,0.9999998807907104
10,42,0.9999998807907104
10,71,0.9999998807907104
23,77,0.9999998807907104
30,58,0.9999998807907104
30,72,0.9999998807907104
44,77,0.9999998807907104
49,53,0.9999998807907104
56,54,0.9999998807907104
68,42,0.9999998807907104
69,9,0.9999998807907104
72,82,0.9999998807907104
86,82,0.9999998807907104
89,34,0.9999998807907104
97,82,0.9999998807907104
99,9,0.9999998807907104
102,53,0.9999998807907104
114,82,0.9999998807907104
129,34,0.9999998807907104
143,77,0.9999998807907104
165,58,0.9999998807907104
166,54,0.9999998807907104
211,54,0.9999998807907104
232,54,0.9999998807907104
237,75,0.9999998807907104
244,99,0.9999998807907104
247,54,0.9999998807907104
248,42,0.9999998807907104
248,54,0.9999998807907104
248,99,0.9999998807907104
251,2,0.9999998807907104
256,54,0.9999998807907104
257,54,0.9999998807907104
280,54,0.9999998807907104
295,2,0.9999998807907104
315,54,0.9999998807907104
324,11,0.9999998807907104
329,42,0.9999998807907104
334,4,0.9999998807907104
334,36,0.9999998807907104
10,16,0.9999997615814209
27,52,0.9999997615814209
30,81,0.9999997615814209
31,91,0.9999997615814209
33,52,0.9999997615814209
64,53,0.9999997615814209
76,34,0.9999997615814209
159,82,0.9999997615814209
170,54,0.9999997615814209
278,24,0.9999997615814209
278,99,0.9999997615814209
334,45,0.9999997615814209
7,11,0.9999996423721313
9,75,0.9999996423721313
10,72,0.9999996423721313
10,110,0.9999996423721313
27,24,0.9999996423721313
30,11,0.9999996423721313
30,18,0.9999996423721313
30,98,0.9999996423721313
38,38,0.9999996423721313
87,82,0.9999996423721313
100,82,0.9999996423721313
112,82,0.9999996423721313
162,54,0.9999996423721313
233,42,0.9999996423721313
253,54,0.9999996423721313
3,75,0.9999995231628418
4,75,0.9999995231628418
5,75,0.9999995231628418
8,75,0.9999995231628418
18,23,0.9999995231628418
30,22,0.9999995231628418
45,52,0.9999995231628418
45,53,0.9999995231628418
63,23,0.9999995231628418
69,53,0.9999995231628418
74,34,0.9999995231628418
107,9,0.9999995231628418
246,54,0.9999995231628418
261,54,0.9999995231628418
323,54,0.9999995231628418
6,21,0.9999994039535522
33,11,0.9999994039535522
83,53,0.9999994039535522
99,53,0.9999994039535522
41,24,0.9999992847442627
45,58,0.9999992847442627
271,42,0.9999992847442627
10,54,0.9999991655349731
151,9,0.9999991655349731
182,51,0.9999991655349731
199,54,0.9999991655349731
266,24,0.9999991655349731
284,54,0.9999991655349731
38,55,0.9999990463256836
44,58,0.9999990463256836
178,51,0.9999990463256836
188,51,0.9999990463256836
226,54,0.9999990463256836
287,42,0.9999990463256836
330,54,0.9999990463256836
134,9,0.999998927116394
187,51,0.999998927116394
334,72,0.999998927116394
10,12,0.9999988079071045
23,74,0.9999988079071045
64,2,0.9999988079071045
140,54,0.9999988079071045
251,75,0.9999988079071045
159,11,0.9999986886978149
293,54,0.9999986886978149
308,54,0.9999986886978149
320,54,0.9999986886978149
42,110,0.9999985694885254
45,45,0.9999985694885254
30,85,0.9999984502792358
23,0,0.9999983310699463
43,11,0.9999983310699463
45,83,0.9999983310699463
75,82,0.9999983310699463
180,51,0.9999983310699463
294,42,0.9999983310699463
331,42,0.9999983310699463
0,42,0.9999982118606567
142,54,0.9999982118606567
295,54,0.9999982118606567
324,42,0.9999982118606567
334,37,0.9999982118606567
111,82,0.9999980926513672
300,54,0.9999980926513672
15,54,0.9999979734420776
19,42,0.9999979734420776
23,24,0.9999979734420776
23,76,0.9999979734420776
30,61,0.9999979734420776
334,76,0.9999979734420776
89,82,0.9999978542327881
107,23,0.9999978542327881
149,55,0.9999978542327881
255,24,0.9999978542327881
39,82,0.9999977350234985
24,2,0.999997615814209
83,34,0.999997615814209
151,53,0.999997615814209
33,0,0.9999974966049194
39,21,0.9999974966049194
59,9,0.9999974966049194
201,42,0.9999974966049194
30,65,0.9999972581863403
30,31,0.9999971389770508
267,11,0.9999971389770508
31,16,0.9999970197677612
33,91,0.9999970197677612
64,39,0.9999970197677612
185,99,0.9999970197677612
45,26,0.9999969005584717
227,42,0.9999969005584717
295,39,0.9999969005584717
325,34,0.9999969005584717
334,105,0.9999969005584717
181,51,0.9999967813491821
7,75,0.9999966621398926
67,9,0.9999966621398926
165,11,0.9999966621398926
18,53,0.999996542930603
43,52,0.999996542930603
214,54,0.999996542930603
9,2,0.9999964237213135
23,42,0.9999964237213135
334,71,0.9999964237213135
2,75,0.9999963045120239
15,99,0.9999961853027344
45,0,0.9999961853027344
91,82,0.9999961853027344
7,2,0.9999960660934448
45,37,0.9999960660934448
21,24,0.9999959468841553
60,34,0.9999958276748657
72,34,0.9999958276748657
126,23,0.9999958276748657
10,82,0.9999957084655762
110,82,0.9999957084655762
35,54,0.9999954700469971
19,54,0.9999953508377075
27,77,0.9999953508377075
305,42,0.999995231628418
126,9,0.9999949932098389
213,54,0.9999949932098389
58,34,0.9999947547912598
30,69,0.9999946355819702
6,29,0.9999945163726807
1,42,0.9999942779541016
158,53,0.9999942779541016
248,1,0.9999940395355225
33,26,0.9999939203262329
10,50,0.9999938011169434
268,24,0.9999938011169434
30,74,0.9999936819076538
222,42,0.9999936819076538
38,3,0.9999935626983643
168,54,0.9999934434890747
25,54,0.9999933242797852
189,51,0.9999933242797852
128,82,0.9999932050704956
147,38,0.9999932050704956
260,54,0.9999932050704956
122,23,0.999993085861206
2,110,0.9999929666519165
243,54,0.999992847442627
42,21,0.9999927282333374
59,23,0.9999927282333374
43,58,0.9999926090240479
30,32,0.9999924898147583
30,48,0.9999920129776001
204,42,0.9999920129776001
263,54,0.9999920129776001
38,39,0.9999915361404419
139,24,0.9999915361404419
251,24,0.9999915361404419
324,110,0.9999912977218628
31,82,0.9999911785125732
10,36,0.9999910593032837
262,54,0.9999909400939941
245,75,0.9999905824661255
30,23,0.9999903440475464
10,81,0.9999902248382568
15,24,0.9999899864196777
27,6,0.9999899864196777
147,55,0.9999899864196777
165,14,0.9999895095825195
45,11,0.9999886751174927
60,9,0.9999885559082031
30,96,0.9999884366989136
33,45,0.9999884366989136
285,42,0.999988317489624
43,16,0.9999881982803345
277,24,0.9999880790710449
96,9,0.9999878406524658
158,82,0.9999877214431763
10,18,0.9999876022338867
3,2,0.9999872446060181
4,2,0.9999872446060181
5,2,0.9999872446060181
8,2,0.9999872446060181
304,42,0.9999872446060181
334,12,0.9999872446060181
147,108,0.9999862909317017
334,87,0.9999861717224121
149,1,0.9999860525131226
43,45,0.9999856948852539
49,82,0.9999856948852539
24,24,0.9999855756759644
216,54,0.9999855756759644
200,54,0.9999854564666748
10,6,0.9999849796295166
80,9,0.9999847412109375
148,24,0.9999847412109375
10,85,0.9999845027923584
235,42,0.9999845027923584
165,90,0.9999841451644897
305,54,0.9999841451644897
14,9,0.9999839067459106
45,98,0.9999837875366211
30,10,0.9999836683273315
10,0,0.9999828338623047
248,75,0.9999823570251465
27,84,0.9999822378158569
31,76,0.9999818801879883
37,11,0.9999818801879883
32,0,0.999981164932251
236,54,0.9999810457229614
218,54,0.9999809265136719
127,54,0.9999808073043823
78,9,0.9999806880950928
34,82,0.9999805688858032
334,43,0.9999799728393555
23,110,0.9999796152114868
44,74,0.9999796152114868
165,103,0.99997878074646
37,21,0.9999786615371704
147,92,0.9999786615371704
134,82,0.9999785423278809
36,24,0.9999774694442749
45,84,0.9999772310256958
158,23,0.999976634979248
334,89,0.9999762773513794
10,65,0.9999760389328003
202,91,0.9999760389328003
152,54,0.9999758005142212
227,24,0.9999758005142212
51,34,0.9999756813049316
245,7,0.9999747276306152
23,37,0.9999746084213257
32,52,0.9999746084213257
144,42,0.9999738931655884
31,0,0.9999736547470093
320,42,0.9999736547470093
295,24,0.9999735355377197
160,77,0.9999734163284302
88,42,0.9999732971191406
165,101,0.9999730587005615
212,24,0.9999727010726929
44,52,0.9999719858169556
48,75,0.9999715089797974
286,24,0.9999706745147705
277,74,0.9999704360961914
119,34,0.9999699592590332
317,54,0.9999692440032959
42,11,0.9999690055847168
27,26,0.999968409538269
312,24,0.9999681711196899
67,23,0.999967098236084
334,102,0.9999665021896362
277,91,0.9999654293060303
300,42,0.9999645948410034
295,99,0.999963641166687
182,88,0.9999634027481079
185,51,0.9999632835388184
151,23,0.9999624490737915
329,77,0.9999600648880005
84,9,0.9999599456787109
252,77,0.9999598264694214
141,42,0.9999595880508423
23,72,0.9999592304229736
230,54,0.9999587535858154
248,94,0.9999583959579468
315,24,0.9999568462371826
178,88,0.9999566078186035
187,88,0.9999560117721558
188,88,0.9999556541442871
214,77,0.9999552965164185
313,42,0.9999548196792603
2,105,0.9999547004699707
218,24,0.9999536275863647
6,72,0.9999532699584961
27,83,0.9999531507492065
334,30,0.9999529123306274
234,42,0.9999524354934692
27,98,0.9999521970748901
168,77,0.999951958656311
266,99,0.9999514818191528
69,110,0.9999508857727051
282,77,0.99994957447052
268,99,0.999948263168335
281,54,0.999948263168335
45,35,0.9999481439590454
186,51,0.9999475479125977
6,54,0.9999462366104126
310,91,0.9999452829360962
78,53,0.9999451637268066
242,42,0.9999451637268066
30,78,0.9999439716339111
44,48,0.9999439716339111
10,31,0.999943733215332
37,0,0.9999434947967529
334,15,0.9999433755874634
135,77,0.9999428987503052
10,84,0.9999412298202515
277,108,0.9999409914016724
251,39,0.9999394416809082
299,91,0.9999393224716187
334,28,0.9999393224716187
264,77,0.9999392032623291
6,36,0.9999390840530396
33,54,0.99993896484375
102,82,0.9999375343322754
45,22,0.999936580657959
180,88,0.9999363422393799
322,11,0.9999362230300903
85,110,0.9999357461929321
334,50,0.9999350309371948
30,46,0.999934196472168
237,1,0.9999339580535889
30,40,0.9999333620071411
239,42,0.9999321699142456
224,77,0.9999303817749023
237,94,0.999929666519165
23,71,0.9999295473098755
334,67,0.9999284744262695
48,54,0.99992835521698
165,48,0.9999274015426636
202,77,0.9999251365661621
274,77,0.9999243021011353
322,34,0.9999239444732666
222,24,0.9999233484268188
6,102,0.9999203681945801
101,23,0.9999192953109741
200,7,0.999919056892395
39,110,0.9999185800552368
112,42,0.9999183416366577
151,77,0.99991774559021
159,58,0.9999171495437622
45,104,0.9999164342880249
6,37,0.9999158382415771
30,57,0.9999158382415771
30,103,0.9999158382415771
196,54,0.9999140501022339
125,34,0.9999139308929443
183,51,0.9999123811721802
57,42,0.9999101161956787
219,77,0.9999099969863892
39,77,0.9999058246612549
39,52,0.9999055862426758
39,26,0.9999048709869385
279,42,0.9999046325683594
40,82,0.9999035596847534
242,11,0.9999035596847534
248,92,0.9999020099639893
80,53,0.9999011754989624
35,75,0.9999006986618042
90,34,0.9998983144760132
147,53,0.9998979568481445
33,103,0.9998977184295654
37,102,0.9998971223831177
164,77,0.9998946189880371
20,29,0.9998944997787476
2,45,0.9998906850814819
45,97,0.9998902082443237
307,77,0.9998891353607178
32,83,0.9998862743377686
248,100,0.9998860359191895
156,77,0.9998857975006104
44,16,0.9998844861984253
30,27,0.9998835325241089
236,42,0.9998829364776611
47,91,0.999882698059082
245,110,0.999881386756897
181,88,0.9998805522918701
32,11,0.999880313873291
310,24,0.9998797178268433
10,97,0.9998794794082642
123,82,0.9998793601989746
26,24,0.9998786449432373
334,10,0.9998786449432373
37,29,0.9998779296875
44,101,0.9998761415481567
289,42,0.9998741149902344
24,54,0.9998737573623657
6,71,0.9998723268508911
45,48,0.9998717308044434
44,14,0.999870777130127
277,42,0.9998706579208374
55,34,0.9998676776885986
141,110,0.9998646974563599
176,77,0.999862790107727
30,3,0.999862551689148
241,77,0.9998623132705688
30,87,0.9998612403869629
10,22,0.9998605251312256
139,91,0.9998592138290405
312,7,0.9998555183410645
264,91,0.9998549222946167
271,24,0.9998539686203003
277,39,0.9998536109924316
334,80,0.9998511075973511
304,24,0.9998493194580078
248,108,0.9998472929000854
24,39,0.9998468160629272
60,53,0.9998465776443481
334,94,0.9998457431793213
314,54,0.9998418092727661
32,23,0.9998410940170288
334,70,0.9998403787612915
44,45,0.9998401403427124
189,88,0.9998387098312378
179,51,0.9998372793197632
316,24,0.9998319149017334
6,75,0.9998313188552856
232,24,0.9998303651809692
88,54,0.9998297691345215
137,54,0.9998284578323364
23,104,0.9998273253440857
225,42,0.9998241066932678
33,35,0.9998229146003723
28,75,0.9998227953910828
30,54,0.9998224377632141
10,77,0.9998219609260559
2,23,0.9998204112052917
122,53,0.9998194575309753
42,7,0.9998155236244202
23,29,0.9998137354850769
302,23,0.9998065829277039
33,84,0.9998064637184143
66,110,0.9998036026954651
159,90,0.9998034834861755
310,7,0.9998013377189636
6,76,0.9998010993003845
41,77,0.9997990727424622
334,46,0.9997972846031189
10,83,0.9997939467430115
34,110,0.9997913241386414
329,74,0.9997904896736145
10,98,0.9997863173484802
20,102,0.9997856020927429
54,23,0.9997826218605042
180,64,0.9997825026512146
28,99,0.999782383441925
30,89,0.9997815489768982
44,0,0.9997815489768982
147,5,0.9997767806053162
278,11,0.9997746348381042
217,54,0.99977046251297
303,42,0.9997683167457581
140,42,0.999768078327179
99,42,0.9997614026069641
134,42,0.9997598528862
39,76,0.9997590184211731
45,9,0.9997567534446716
45,103,0.9997565150260925
239,24,0.9997552037239075
3,105,0.9997546076774597
4,105,0.9997546076774597
5,105,0.9997546076774597
8,105,0.9997546076774597
237,108,0.999751627445221
67,53,0.999749481678009
334,39,0.9997490048408508
135,42,0.99974125623703
45,50,0.9997401833534241
94,110,0.9997394680976868
34,77,0.9997382760047913
329,11,0.9997370839118958
223,77,0.9997368454933167
36,21,0.9997349381446838
70,110,0.999733030796051
229,24,0.9997321963310242
32,98,0.999731719493866
277,1,0.9997301697731018
218,99,0.9997283816337585
39,23,0.9997276663780212
41,102,0.9997263550758362
334,104,0.9997256398200989
182,64,0.9997250437736511
187,64,0.9997239708900452
142,42,0.9997183680534363
23,12,0.9997110962867737
110,42,0.9997062087059021
334,85,0.9997037053108215
283,54,0.9997022747993469
45,85,0.9997014403343201
288,54,0.9997009038925171
193,77,0.9996998310089111
34,16,0.9996964931488037
44,40,0.9996938705444336
177,42,0.9996891021728516
31,24,0.9996886253356934
189,99,0.9996877908706665
303,54,0.9996824264526367
3,43,0.9996805191040039
4,43,0.9996805191040039
5,43,0.9996805191040039
8,43,0.9996805191040039
169,54,0.9996767044067383
2,43,0.9996765851974487
278,75,0.9996752738952637
10,68,0.9996744394302368
298,99,0.9996742010116577
43,99,0.9996683597564697
143,74,0.9996669292449951
146,42,0.9996659755706787
178,64,0.999664306640625
38,43,0.9996589422225952
45,74,0.9996572732925415
10,46,0.9996480941772461
248,7,0.999647855758667
138,91,0.9996459484100342
184,99,0.9996429681777954
9,43,0.9996418952941895
43,91,0.9996416568756104
203,54,0.9996390342712402
143,58,0.9996373653411865
329,110,0.999636173248291
54,53,0.9996316432952881
99,110,0.9996312856674194
6,12,0.9996292591094971
188,64,0.9996286630630493
133,23,0.999627947807312
6,7,0.9996148347854614
94,42,0.999607264995575
40,23,0.9995952248573303
295,75,0.9995927214622498
85,42,0.9995923638343811
308,77,0.9995883107185364
218,110,0.9995866417884827
122,82,0.9995861649513245
9,39,0.9995654225349426
61,110,0.9995654225349426
31,52,0.9995564818382263
80,110,0.9995550513267517
233,99,0.9995539784431458
185,88,0.9995536208152771
331,24,0.9995505213737488
247,77,0.999545156955719
30,101,0.9995396137237549
101,9,0.9995386600494385
183,88,0.999531626701355
220,54,0.9995291233062744
95,34,0.999527096748352
108,90,0.9995267391204834
42,99,0.9995144605636597
10,74,0.9995076656341553
6,81,0.9995063543319702
27,45,0.999489426612854
57,23,0.9994888305664062
43,26,0.9994877576828003
143,82,0.9994872808456421
334,22,0.999485969543457
27,11,0.999484658241272
63,110,0.9994819760322571
10,69,0.9994804263114929
265,24,0.9994770884513855
109,110,0.9994702935218811
10,30,0.9994685053825378
30,86,0.9994683861732483
77,110,0.9994679093360901
195,54,0.9994663596153259
45,32,0.9994543194770813
44,6,0.9994508624076843
30,14,0.9994471669197083
186,88,0.9994469285011292
82,110,0.99944669008255
115,110,0.9994454979896545
9,105,0.9994439482688904
37,82,0.9994409680366516
44,44,0.9994326233863831
208,24,0.9994304776191711
264,11,0.9994304776191711
272,77,0.9994208812713623
282,74,0.999420166015625
10,104,0.9994184970855713
290,42,0.9994093179702759
45,27,0.9994078874588013
319,77,0.9993972778320312
213,77,0.9993970394134521
42,75,0.9993932247161865
45,40,0.9993849992752075
47,110,0.9993846416473389
44,54,0.9993833303451538
151,82,0.9993828535079956
10,26,0.99937903881073
39,58,0.9993661046028137
334,73,0.99936443567276
245,2,0.9993581175804138
45,4,0.9993575215339661
165,27,0.9993550181388855
113,110,0.9993458390235901
334,47,0.9993454813957214
248,91,0.9993402361869812
52,99,0.9993269443511963
96,53,0.9993177652359009
158,58,0.9993164539337158
43,83,0.9993122816085815
6,50,0.999309778213501
45,31,0.9993082284927368
16,9,0.9992941617965698
157,108,0.999291181564331
44,102,0.9992846846580505
31,26,0.9992751479148865
6,46,0.999269425868988
44,86,0.9992627501487732
20,16,0.9992541670799255
14,23,0.9992539286613464
34,23,0.9992523789405823
264,42,0.9992488026618958
200,77,0.9992468357086182
10,61,0.9992324113845825
44,98,0.99922776222229
299,7,0.9992276430130005
203,42,0.9992263317108154
44,103,0.9992223978042603
149,75,0.9992165565490723
334,21,0.9992152452468872
9,38,0.9992125034332275
209,54,0.9991994500160217
79,110,0.9991934895515442
23,6,0.9991727471351624
38,80,0.9991695880889893
264,74,0.9991687536239624
204,91,0.9991637468338013
298,54,0.9991620779037476
43,98,0.999161958694458
23,102,0.9991493225097656
45,68,0.9991421699523926
6,91,0.9991381168365479
39,71,0.9991263747215271
237,92,0.9991238713264465
27,104,0.9991235136985779
165,111,0.9991177916526794
334,52,0.9991174340248108
136,54,0.9991117119789124
206,24,0.9991104006767273
39,98,0.9991015195846558
7,39,0.999086856842041
3,38,0.9990776777267456
4,38,0.9990776777267456
5,38,0.9990776777267456
8,38,0.9990776777267456
248,105,0.9990748167037964
149,23,0.9990726709365845
139,7,0.9990707635879517
133,21,0.9990536570549011
240,42,0.9990532994270325
3,110,0.9990478157997131
4,110,0.9990478157997131
5,110,0.9990478157997131
8,110,0.9990478157997131
44,83,0.9990270137786865
27,43,0.9990160465240479
305,99,0.9990129470825195
248,106,0.9989888072013855
192,77,0.9989738464355469
45,87,0.9989707469940186
279,24,0.9989663362503052
334,6,0.9989615678787231
205,42,0.9989564418792725
44,71,0.9989511966705322
84,53,0.9989445805549622
220,110,0.9989327788352966
334,18,0.9989257454872131
101,53,0.9989200830459595
3,39,0.9989112615585327
4,39,0.9989112615585327
5,39,0.9989112615585327
8,39,0.9989112615585327
147,94,0.9989084005355835
121,34,0.9988844990730286
158,9,0.9988839030265808
46,75,0.9988580942153931
200,34,0.998822033405304
329,0,0.9988202452659607
207,108,0.9988045692443848
159,14,0.998782217502594
277,55,0.9987773299217224
15,2,0.9987671375274658
202,24,0.9987632036209106
198,51,0.998762845993042
44,35,0.9987512826919556
36,54,0.9987456798553467
122,21,0.9987332224845886
165,79,0.9987314343452454
47,102,0.9987279772758484
222,11,0.9987245202064514
312,110,0.9987236857414246
106,110,0.9987195730209351
207,77,0.9987188577651978
179,88,0.9987168312072754
195,77,0.9986903071403503
248,72,0.9986898303031921
117,110,0.9986867308616638
251,54,0.9986832737922668
45,3,0.9986814856529236
71,23,0.9986767172813416
39,6,0.9986684322357178
10,45,0.9986425042152405
331,77,0.9986392855644226
147,17,0.9986288547515869
112,110,0.9986252784729004
39,84,0.998619556427002
45,65,0.9986024498939514
165,86,0.9985993504524231
277,2,0.9985952973365784
235,110,0.9985828399658203
235,77,0.99856036901474
222,77,0.9985563158988953
147,74,0.9985305070877075
30,109,0.9985104203224182
10,23,0.9985095858573914
207,74,0.9985036849975586
37,24,0.9985016584396362
6,65,0.9984968900680542
60,82,0.9984958171844482
48,110,0.9984862208366394
28,34,0.9984756112098694
22,54,0.9984618425369263
33,14,0.9984599351882935
45,14,0.9984332919120789
6,18,0.9984285235404968
10,57,0.9984211921691895
32,6,0.9984207153320312
33,22,0.9984098672866821
30,53,0.9984011054039001
302,53,0.9983919262886047
30,15,0.9983891248703003
43,48,0.9983839988708496
334,41,0.9983785152435303
97,110,0.9983624815940857
116,34,0.9983545541763306
58,23,0.9983537197113037
247,42,0.9983536005020142
261,24,0.9983533620834351
307,74,0.998336136341095
212,39,0.9983305335044861
165,40,0.9983212351799011
10,87,0.9983199238777161
277,77,0.9983090162277222
30,64,0.9983088970184326
191,77,0.9982792139053345
31,83,0.998278021812439
43,3,0.9982757568359375
33,27,0.9982699155807495
59,82,0.9982536435127258
135,91,0.9982531666755676
277,38,0.9982351064682007
133,9,0.9982321858406067
71,82,0.9982288479804993
38,105,0.9982230067253113
45,89,0.9981968998908997
252,74,0.9981915354728699
44,87,0.9981843829154968
218,74,0.9981780052185059
285,24,0.9981715679168701
30,41,0.9981517195701599
33,101,0.9981502294540405
54,9,0.9981448650360107
36,43,0.9981339573860168
207,11,0.9981253743171692
44,26,0.9981166124343872
245,108,0.9981156587600708
315,2,0.9981143474578857
199,11,0.9981125593185425
252,108,0.998095691204071
44,104,0.9980734586715698
23,16,0.9980681538581848
101,34,0.9980534315109253
36,80,0.9980521202087402
46,91,0.9980344176292419
45,101,0.9979954957962036
101,21,0.9979937076568604
264,24,0.9979878664016724
23,50,0.997979462146759
43,10,0.99796462059021
141,11,0.997952938079834
23,108,0.9979485869407654
302,9,0.9979482293128967
32,58,0.9979472756385803
301,54,0.9979134202003479
334,44,0.9978995323181152
98,110,0.997895359992981
33,96,0.9978871941566467
60,42,0.997886598110199
47,7,0.9978528022766113
222,74,0.9978493452072144
92,34,0.9978477954864502
16,53,0.9978471994400024
7,38,0.9978285431861877
6,30,0.9977739453315735
334,88,0.9977635145187378
38,95,0.9977484345436096
334,65,0.9977396726608276
246,42,0.9977363348007202
30,73,0.9977346658706665
44,89,0.9977312684059143
23,57,0.997730553150177
334,66,0.9977167844772339
33,10,0.9977070093154907
30,13,0.9977038502693176
120,34,0.9977001547813416
125,75,0.9976894855499268
52,23,0.9976845979690552
7,42,0.9976713061332703
127,24,0.9976673722267151
50,21,0.9976361989974976
159,103,0.9976332187652588
298,24,0.9976189732551575
43,103,0.9976032376289368
33,104,0.9975710511207581
285,77,0.9975162744522095
177,51,0.9975007176399231
276,77,0.9974668025970459
81,110,0.997459352016449
127,75,0.9974591135978699
32,12,0.9974562525749207
165,44,0.9974544644355774
39,64,0.9974302649497986
315,75,0.9973969459533691
253,42,0.9973933696746826
103,42,0.9973925352096558
27,74,0.9973881840705872
10,47,0.9973878264427185
285,91,0.9973796606063843
270,75,0.9973686933517456
127,2,0.9973675608634949
151,90,0.9973559379577637
39,97,0.9973375201225281
326,54,0.9973345994949341
202,0,0.997329592704773
43,87,0.9972756505012512
296,42,0.9972719550132751
249,77,0.9972707629203796
35,110,0.9972167015075684
284,77,0.9971975088119507
334,31,0.9971967935562134
76,110,0.9971747398376465
30,66,0.9971714615821838
44,109,0.997156023979187
44,84,0.9971467852592468
289,77,0.997093677520752
180,77,0.99708491563797
297,51,0.9970173835754395
93,110,0.9970118999481201
114,110,0.9969900846481323
165,109,0.9969603419303894
221,77,0.9969183206558228
2,38,0.9968896508216858
280,77,0.996864378452301
10,13,0.9968624114990234
181,64,0.9968461394309998
237,100,0.9968221187591553
84,82,0.9968118071556091
44,22,0.9968065023422241
277,25,0.9967959523200989
39,0,0.9967346787452698
13,54,0.9967203736305237
301,77,0.9967194199562073
23,84,0.9967193007469177
39,103,0.9967058300971985
2,4,0.9966796636581421
91,42,0.9966784715652466
23,36,0.9966715574264526
334,108,0.9966555833816528
221,54,0.9966476559638977
33,85,0.9966352581977844
40,52,0.996615469455719
260,24,0.9966009855270386
204,11,0.9965828061103821
174,77,0.9965370893478394
59,21,0.996528685092926
332,42,0.9965201616287231
90,110,0.9965152740478516
197,42,0.9964765906333923
47,75,0.9964625239372253
271,91,0.9964466691017151
16,23,0.9964370727539062
147,25,0.9964268803596497
100,34,0.9963672161102295
39,12,0.9963446259498596
159,101,0.9963411688804626
265,91,0.9963280558586121
44,61,0.9963235855102539
17,11,0.9963112473487854
39,37,0.9962918758392334
53,110,0.9962918758392334
6,55,0.9962639212608337
42,36,0.9962527751922607
184,88,0.9962326884269714
216,77,0.9962303042411804
156,51,0.9962058067321777
124,110,0.996170699596405
97,34,0.9961704611778259
226,24,0.996166467666626
129,110,0.9961491823196411
300,99,0.9961361289024353
21,11,0.9961211085319519
39,35,0.996109664440155
33,97,0.9960998296737671
248,33,0.9960833787918091
138,7,0.9960640072822571
200,0,0.9960522055625916
27,73,0.9960124492645264
33,61,0.9959954023361206
164,74,0.9959535598754883
31,84,0.9959327578544617
52,9,0.9959180951118469
43,40,0.9959075450897217
200,74,0.9959000945091248
297,99,0.9958853125572205
45,86,0.9958567023277283
143,0,0.9958535432815552
267,110,0.9958497285842896
69,21,0.9958395957946777
200,51,0.9958381652832031
33,32,0.9958290457725525
39,96,0.9958205223083496
194,77,0.9958059787750244
180,58,0.9957939386367798
41,11,0.9957846999168396
190,99,0.9957742094993591
10,20,0.995772659778595
69,42,0.9957614541053772
310,72,0.995759904384613
34,102,0.9957554340362549
248,5,0.9957516193389893
334,0,0.9957411289215088
22,42,0.9957404136657715
57,53,0.9957342743873596
150,77,0.9957262277603149
218,91,0.9957125186920166
6,2,0.995707094669342
71,53,0.9956952333450317
43,74,0.9956772923469543
219,110,0.9956544637680054
264,110,0.9956462979316711
147,111,0.9956299066543579
28,80,0.9955627918243408
334,1,0.995556652545929
65,34,0.9955493211746216
165,35,0.9955345392227173
27,96,0.9955262541770935
1,21,0.995503842830658
118,110,0.9955025315284729
234,110,0.9954820871353149
177,24,0.9954618811607361
184,34,0.9954470992088318
334,97,0.9954319000244141
23,65,0.9954144954681396
191,51,0.9953592419624329
166,77,0.995339035987854
43,35,0.9952449202537537
153,54,0.9952367544174194
334,109,0.995213508605957
248,60,0.9951995611190796
6,85,0.9951635599136353
48,24,0.9951314926147461
30,28,0.9951215386390686
35,80,0.9951117634773254
31,6,0.9951030015945435
86,110,0.995090126991272
14,53,0.9950714111328125
7,43,0.9950634837150574
40,110,0.9950563907623291
10,96,0.994988203048706
148,39,0.9949437975883484
58,9,0.9948548078536987
151,1,0.9948470592498779
325,54,0.9948410391807556
204,7,0.9948177933692932
37,98,0.9947861433029175
39,18,0.9947344064712524
255,74,0.9945597052574158
231,42,0.994544506072998
10,53,0.9944031238555908
43,24,0.9943943023681641
148,108,0.9943735599517822
43,84,0.9943728446960449
23,85,0.9943674206733704
39,22,0.9943641424179077
6,57,0.9943612813949585
18,82,0.994321346282959
44,10,0.9943061470985413
242,91,0.9942600727081299
34,53,0.9942488670349121
2,2,0.9942359328269958
133,53,0.9942322373390198
334,57,0.994219183921814
128,99,0.9941985607147217
27,61,0.9941152334213257
154,77,0.9940882921218872
147,90,0.9940713047981262
327,39,0.9939618706703186
38,94,0.9939563870429993
9,110,0.9939488172531128
301,51,0.9939371347427368
23,98,0.9939287900924683
29,110,0.9938544034957886
6,31,0.9938029050827026
65,110,0.9937766790390015
10,32,0.9937472343444824
248,93,0.9937065243721008
334,68,0.993694007396698
177,91,0.9936690926551819
135,74,0.9936315417289734
28,24,0.993614137172699
254,77,0.9935467839241028
10,35,0.9935103058815002
161,77,0.9934772253036499
63,54,0.9934765696525574
35,43,0.9934398531913757
250,54,0.9934247732162476
43,22,0.9933891296386719
6,47,0.9933086633682251
57,82,0.9932816028594971
208,75,0.9932616353034973
311,24,0.9932458996772766
125,99,0.9932408332824707
277,11,0.9932374954223633
310,110,0.9931950569152832
141,3,0.9931802749633789
156,58,0.9930787682533264
37,83,0.9930590391159058
222,0,0.99305659532547
285,74,0.9930250644683838
26,91,0.9929889440536499
108,17,0.9929063320159912
92,110,0.992886483669281
331,74,0.9928435683250427
149,24,0.9927648901939392
209,42,0.9927071928977966
310,76,0.9926623106002808
6,16,0.9926611185073853
10,78,0.9926531314849854
38,107,0.9926161766052246
227,99,0.9925875067710876
44,12,0.9925345182418823
38,56,0.9925203323364258
285,110,0.9924359917640686
182,77,0.9923577904701233
23,26,0.9923378825187683
277,110,0.9922965168952942
312,0,0.9922405481338501
71,9,0.9922250509262085
143,48,0.9922245740890503
40,102,0.9921520352363586
34,52,0.9920467138290405
39,68,0.9920008182525635
270,91,0.9919775724411011
334,84,0.9919342994689941
165,83,0.9919283390045166
315,99,0.9918924570083618
220,77,0.991888701915741
200,76,0.9918436408042908
20,76,0.9917519688606262
331,0,0.9917510151863098
248,74,0.9917469024658203
327,54,0.9917196035385132
248,107,0.9916965961456299
114,42,0.9916818737983704
147,23,0.9916011095046997
57,110,0.9915688633918762
277,9,0.9915636777877808
320,24,0.991549015045166
42,16,0.9915470480918884
177,108,0.9915198683738708
184,39,0.9914926886558533
30,24,0.9914686679840088
238,77,0.9914564490318298
236,11,0.991394579410553
36,3,0.9913731217384338
167,77,0.9913330674171448
147,24,0.9912105798721313
245,38,0.9911661744117737
28,54,0.9911174774169922
47,36,0.9910367727279663
232,75,0.991020143032074
231,77,0.9909864068031311
151,58,0.9909492135047913
216,82,0.9908974766731262
149,92,0.9908525347709656
40,53,0.9908493757247925
43,71,0.9908361434936523
31,74,0.9908193945884705
189,64,0.9908037185668945
163,77,0.9907605648040771
20,71,0.9907348155975342
135,0,0.9905833005905151
34,83,0.9905645847320557
242,108,0.9905473589897156
46,102,0.990543782711029
273,77,0.9905267953872681
30,43,0.9904506802558899
23,81,0.9904114603996277
149,53,0.9903331398963928
187,77,0.99030601978302
310,37,0.9901424646377563
28,43,0.9900898933410645
277,94,0.9900533556938171
41,71,0.9900252819061279
39,32,0.9899293780326843
23,97,0.9899078607559204
200,104,0.9898747205734253
310,75,0.989863932132721
140,77,0.9898422360420227
198,88,0.989822268486023
184,54,0.9897172451019287
44,32,0.9897145628929138
201,11,0.9896768927574158
44,4,0.989648163318634
165,26,0.9896104335784912
330,77,0.9895240664482117
315,39,0.9894793629646301
178,77,0.9894524812698364
236,91,0.9894306659698486
202,42,0.9893976449966431
67,34,0.9893926382064819
45,66,0.9893548488616943
43,27,0.989300549030304
298,39,0.989205002784729
39,45,0.9891985058784485
310,29,0.9891882538795471
34,26,0.9891676902770996
226,42,0.9891653656959534
170,77,0.9891279339790344
236,21,0.9891196489334106
212,99,0.98909991979599
165,17,0.989082932472229
46,110,0.9890813827514648
39,61,0.9890733361244202
204,108,0.9889911413192749
262,42,0.988990068435669
32,85,0.9887928366661072
248,19,0.988764762878418
131,110,0.9887268543243408
169,77,0.9887110590934753
37,52,0.9886958599090576
19,21,0.9886704683303833
48,9,0.9886283278465271
278,2,0.9885530471801758
43,4,0.9885526895523071
7,105,0.9885302186012268
187,58,0.9884875416755676
39,53,0.9883176684379578
104,34,0.9882808327674866
44,15,0.9882254600524902
39,81,0.9882116913795471
194,74,0.9881982207298279
162,77,0.9881548881530762
245,94,0.9880290627479553
324,3,0.9880285263061523
255,0,0.9880163073539734
299,74,0.9878324270248413
270,99,0.9878317713737488
6,68,0.9878280162811279
44,66,0.9877903461456299
165,110,0.9877412915229797
248,95,0.987738847732544
23,18,0.987723708152771
308,74,0.9876326322555542
209,24,0.9875892996788025
186,99,0.9875748753547668
20,83,0.9875561594963074
27,28,0.9875085949897766
273,24,0.9875016212463379
58,53,0.9870963096618652
334,20,0.9870778322219849
1,110,0.9869658946990967
23,25,0.9869102835655212
200,108,0.9868120551109314
44,18,0.9866054654121399
72,110,0.9866039752960205
212,2,0.9865546226501465
127,39,0.9864786267280579
301,88,0.9864767789840698
37,84,0.986348032951355
220,82,0.9862598776817322
47,76,0.986207127571106
258,24,0.9862058758735657
225,24,0.9861792325973511
204,74,0.9860525131225586
6,52,0.9859941005706787
182,58,0.9859835505485535
104,110,0.9859701991081238
48,99,0.9858826398849487
110,110,0.9858734607696533
39,50,0.9858630299568176
219,91,0.9858365058898926
295,38,0.9858237504959106
26,43,0.9857231974601746
20,52,0.9856902956962585
100,110,0.9856632351875305
143,91,0.9856134057044983
59,110,0.9855484366416931
62,21,0.9855271577835083
26,16,0.9855140447616577
149,94,0.9854980707168579
51,110,0.9854769110679626
36,36,0.9854514598846436
202,11,0.9853598475456238
284,74,0.9852775931358337
184,24,0.9852651953697205
157,24,0.9851768016815186
23,31,0.9851630330085754
44,50,0.9851442575454712
23,46,0.9849891662597656
202,108,0.9848553538322449
45,78,0.9847223162651062
151,39,0.9845426082611084
39,69,0.9845182299613953
152,39,0.9845155477523804
32,74,0.9843803644180298
188,77,0.9843542575836182
45,15,0.9843428134918213
46,36,0.9843189120292664
35,24,0.9842847585678101
44,96,0.9841588735580444
245,36,0.984148383140564
32,53,0.9841283559799194
10,10,0.9839860200881958
240,77,0.9839572906494141
131,34,0.9839404821395874
236,77,0.9838918447494507
143,83,0.9838772416114807
44,41,0.9837350845336914
158,51,0.983691930770874
44,97,0.983668863773346
143,26,0.9835863709449768
138,11,0.9835372567176819
237,105,0.9835213422775269
89,110,0.9834747910499573
331,11,0.9834631085395813
43,54,0.9833533763885498
314,42,0.983352780342102
326,11,0.9832284450531006
31,85,0.9831962585449219
119,110,0.983185887336731
308,110,0.9831709265708923
207,42,0.9831705689430237
12,54,0.9831146001815796
299,110,0.9830850958824158
293,77,0.983032763004303
37,12,0.9829642176628113
10,75,0.9829089641571045
57,54,0.9828668236732483
245,105,0.9827696084976196
32,50,0.982659101486206
46,29,0.982588529586792
219,24,0.9825840592384338
218,42,0.9825786352157593
178,58,0.982528567314148
277,0,0.9825003743171692
181,99,0.9824768900871277
20,12,0.9823514223098755
20,81,0.9822866320610046
197,77,0.9822101593017578
30,44,0.9820250272750854
317,77,0.9819895029067993
144,77,0.9819872975349426
179,54,0.98189377784729
68,75,0.981890082359314
218,77,0.9817226529121399
23,83,0.981714129447937
202,110,0.9815922379493713
20,37,0.9815875291824341
32,45,0.9815455079078674
135,7,0.98143070936203
47,16,0.9813346862792969
45,64,0.9811897277832031
108,103,0.9808667898178101
27,10,0.9808246493339539
248,36,0.9807791709899902
310,102,0.9806021451950073
70,21,0.9805759787559509
43,96,0.9805511236190796
126,110,0.9804891347885132
222,110,0.9802072644233704
42,37,0.9800746440887451
6,97,0.980048656463623
292,77,0.9799888134002686
165,41,0.979982852935791
1,16,0.9799583554267883
277,72,0.9798595309257507
34,58,0.9797824025154114
222,108,0.9797802567481995
165,45,0.979563295841217
56,77,0.979548454284668
200,42,0.9794776439666748
303,24,0.9793938398361206
217,42,0.9793757796287537
31,18,0.9793382287025452
3,23,0.9793093204498291
4,23,0.9793093204498291
5,23,0.9793093204498291
8,23,0.9793093204498291
27,35,0.9792927503585815
241,108,0.9792891144752502
58,21,0.9791558980941772
312,74,0.9791405200958252
301,34,0.9790548086166382
120,110,0.9785776138305664
6,69,0.9784091711044312
143,53,0.978249192237854
20,36,0.9782379865646362
20,18,0.9782007932662964
44,27,0.9781006574630737
127,11,0.9780979156494141
96,82,0.9780793190002441
39,10,0.9779688715934753
20,20,0.9777856469154358
200,72,0.9776820540428162
333,77,0.9775494337081909
10,80,0.9775260090827942
309,24,0.977382481098175
10,24,0.9771713018417358
39,31,0.9771317839622498
45,73,0.9770987629890442
31,36,0.9769248962402344
277,51,0.9768908023834229
20,26,0.9768288731575012
44,11,0.9767163991928101
237,5,0.9765681624412537
151,108,0.9763517379760742
310,0,0.9763086438179016
20,80,0.9762039184570312
149,108,0.9761063456535339
292,42,0.9760839343070984
143,7,0.9759615063667297
165,89,0.975864827632904
33,89,0.9757704734802246
34,98,0.9757168889045715
31,50,0.9756730794906616
23,21,0.9756072759628296
299,0,0.9755073189735413
285,7,0.9753892421722412
116,110,0.9753614664077759
279,108,0.9752508997917175
218,7,0.9752116799354553
310,71,0.9751942157745361
46,7,0.9750985503196716
159,79,0.9750254154205322
52,75,0.9750126600265503
42,71,0.9748698472976685
27,32,0.9748044013977051
201,7,0.9746258854866028
31,97,0.974587619304657
239,108,0.9745129942893982
43,66,0.9744312763214111
32,35,0.9743903279304504
6,100,0.9743031859397888
27,87,0.9742897152900696
31,58,0.9740237593650818
105,39,0.9739919304847717
282,25,0.9738137722015381
244,3,0.9737793803215027
45,57,0.9737725853919983
19,110,0.9737518429756165
214,51,0.9737197160720825
36,110,0.9736836552619934
152,24,0.9735906720161438
200,37,0.9735826253890991
224,108,0.9733760952949524
10,58,0.9732173681259155
41,36,0.9732041358947754
143,16,0.9731882214546204
23,51,0.9729084372520447
275,42,0.9728058576583862
151,111,0.9727882742881775
21,110,0.9727258682250977
128,110,0.9725732803344727
39,91,0.9725198149681091
200,24,0.9725181460380554
314,24,0.9724161028862
165,64,0.9724099040031433
334,92,0.9724034070968628
302,82,0.972391664981842
252,88,0.9722875356674194
11,54,0.9722251892089844
40,29,0.9722147583961487
252,91,0.9721839427947998
132,34,0.9720560908317566
109,21,0.9719085693359375
23,28,0.9718866348266602
41,52,0.9718842506408691
247,74,0.9718708395957947
237,106,0.9717673659324646
47,0,0.9717237949371338
75,42,0.9716863632202148
23,68,0.9716497659683228
211,24,0.9716367125511169
128,34,0.9716179370880127
210,54,0.9715761542320251
139,11,0.9715677499771118
6,13,0.9715196490287781
155,108,0.9714187383651733
44,81,0.9714151620864868
324,74,0.9712286591529846
276,42,0.9712206721305847
177,77,0.9710473418235779
68,54,0.9709908962249756
238,74,0.9706704616546631
205,110,0.9706220626831055
36,102,0.9703887701034546
227,39,0.9702727794647217
240,108,0.9698804020881653
207,91,0.9697715044021606
248,62,0.9697434902191162
12,42,0.9696307182312012
130,90,0.9696210026741028
20,50,0.9695941805839539
248,56,0.9694960117340088
191,88,0.9694687128067017
147,79,0.9694378972053528
156,88,0.9693523049354553
273,74,0.9692624807357788
207,39,0.9690942764282227
247,91,0.9688660502433777
2,89,0.9687846899032593
161,108,0.9687089920043945
245,3,0.9686033725738525
207,7,0.9684445858001709
130,103,0.968417763710022
248,25,0.9681757688522339
39,85,0.9681673049926758
248,49,0.9680261611938477
153,51,0.9679405093193054
32,31,0.9679297804832458
42,72,0.9677742123603821
2,56,0.9676724076271057
143,98,0.9676334857940674
74,110,0.9675915241241455
191,58,0.9675717353820801
245,74,0.9675408005714417
38,63,0.9670599699020386
291,54,0.967032790184021
7,110,0.9670171737670898
46,43,0.9669851660728455
143,25,0.9668846130371094
151,5,0.9668612480163574
108,39,0.9668269157409668
200,71,0.9664512276649475
317,74,0.9662679433822632
84,21,0.9661489129066467
248,17,0.9660376310348511
108,110,0.9659715294837952
295,55,0.965912938117981
267,75,0.9658998250961304
235,74,0.9658387303352356
132,58,0.9658046364784241
44,69,0.9657478928565979
138,110,0.965715229511261
43,86,0.9657147526741028
147,51,0.9657087922096252
39,65,0.9656696319580078
157,51,0.9655941724777222
23,88,0.965498149394989
274,108,0.9654841423034668
139,108,0.965373158454895
55,110,0.9651515483856201
247,11,0.9651385545730591
34,0,0.96509850025177
237,95,0.9650379419326782
32,65,0.9649176597595215
153,108,0.964784562587738
107,82,0.9646366834640503
188,58,0.9644846320152283
150,51,0.9644224047660828
32,68,0.9642273187637329
186,64,0.9641736745834351
45,30,0.964046835899353
291,77,0.9640166759490967
132,52,0.9636449217796326
143,103,0.9636321663856506
145,51,0.9635807275772095
223,74,0.963557243347168
23,35,0.9635368585586548
20,97,0.9633156061172485
272,74,0.9631834030151367
151,79,0.9631754755973816
264,108,0.9631133079528809
43,104,0.9630399942398071
249,74,0.9630315899848938
312,77,0.9628801345825195
35,16,0.9626527428627014
45,47,0.962547242641449
135,21,0.9625420570373535
10,73,0.9625183343887329
266,75,0.962486982345581
271,108,0.9624454379081726
6,6,0.9622982740402222
255,108,0.9622400999069214
6,60,0.9622237682342529
196,77,0.9621384739875793
216,42,0.9618014097213745
31,23,0.9616061449050903
35,52,0.9615579843521118
133,54,0.9615324139595032
326,77,0.9615193009376526
298,42,0.9614826440811157
79,21,0.9614782333374023
10,40,0.9614595770835876
38,54,0.9614125490188599
159,27,0.9611353874206543
23,48,0.9611057639122009
78,54,0.9610857367515564
201,110,0.9608135223388672
143,86,0.9607425332069397
1,77,0.9605718851089478
306,24,0.9605103135108948
47,72,0.960425853729248
39,104,0.9603333473205566
235,24,0.9603264331817627
207,5,0.9602527618408203
248,63,0.9601929783821106
23,47,0.960005521774292
245,28,0.959971010684967
47,43,0.9598990678787231
2,28,0.9598934650421143
151,101,0.9597089886665344
158,74,0.9596921801567078
121,110,0.9596201777458191
33,68,0.9593899250030518
276,108,0.9593842029571533
36,20,0.9593087434768677
38,110,0.9593040347099304
20,68,0.9591378569602966
235,0,0.9591212868690491
64,75,0.9591000080108643
200,6,0.9590762257575989
44,25,0.9589933156967163
299,77,0.9589780569076538
45,13,0.9587970972061157
159,48,0.9585816860198975
54,77,0.95827716588974
10,66,0.9582580327987671
248,37,0.9581491351127625
145,54,0.9579627513885498
204,77,0.9578881859779358
256,24,0.9576671719551086
257,24,0.9576671719551086
132,103,0.9575852751731873
302,99,0.9574636220932007
185,64,0.9573220014572144
6,78,0.9571285843849182
200,12,0.9571025967597961
276,74,0.9570648074150085
154,51,0.9567533731460571
129,21,0.956748902797699
151,25,0.9566724300384521
20,84,0.9562670588493347
41,12,0.9561275243759155
20,6,0.9559816718101501
140,82,0.9558045268058777
217,82,0.9557114243507385
6,84,0.9556341171264648
28,21,0.9555938243865967
40,64,0.9554358124732971
245,39,0.9554318785667419
20,82,0.9553611874580383
201,77,0.9551393985748291
151,14,0.9550381302833557
272,42,0.9547424912452698
33,69,0.9547253251075745
221,82,0.9544980525970459
151,17,0.9544856548309326
54,110,0.954349935054779
277,88,0.9541959762573242
209,110,0.9541760087013245
43,32,0.9540548324584961
255,72,0.9538133144378662
23,69,0.9536815881729126
271,11,0.9535604119300842
139,75,0.9533995389938354
9,56,0.9533095359802246
138,108,0.9531792998313904
200,58,0.9531785249710083
140,24,0.9530984163284302
149,5,0.9528490900993347
165,74,0.9528408646583557
289,51,0.9527319669723511
200,48,0.9525282979011536
201,74,0.9522282481193542
35,36,0.9521994590759277
2,87,0.9521967768669128
26,36,0.9521216750144958
255,77,0.9520208835601807
286,110,0.9519964456558228
3,45,0.9518600106239319
4,45,0.9518600106239319
5,45,0.9518600106239319
8,45,0.9518600106239319
27,80,0.9516347646713257
20,65,0.951606273651123
242,74,0.9515690207481384
324,108,0.9514532089233398
70,42,0.9514434933662415
43,97,0.9512816667556763
69,54,0.9512593150138855
16,82,0.9512062668800354
47,71,0.9510698318481445
171,54,0.9510497450828552
6,43,0.950868546962738
236,0,0.9507195949554443
183,64,0.9506212472915649
290,108,0.9506197571754456
15,39,0.9504900574684143
71,77,0.9504014253616333
35,20,0.9503862261772156
296,24,0.950350284576416
3,56,0.9503394961357117
4,56,0.9503394961357117
5,56,0.9503394961357117
8,56,0.9503394961357117
317,24,0.9502977728843689
193,74,0.9501616954803467
40,83,0.9500719308853149
236,16,0.9499393701553345
101,110,0.9498795866966248
39,36,0.9498558044433594
312,76,0.9497383832931519
260,75,0.9496555924415588
139,110,0.9496087431907654
200,25,0.9495882987976074
96,42,0.9493974447250366
238,108,0.9493687748908997
299,108,0.9492442607879639
127,99,0.949241578578949
34,76,0.9490548968315125
33,90,0.9489380121231079
87,90,0.9489284157752991
39,13,0.9488977193832397
39,48,0.9486689567565918
310,12,0.9485530853271484
251,43,0.948539137840271
132,77,0.9484843611717224
192,74,0.9480811953544617
208,110,0.9478630423545837
50,52,0.9475173354148865
248,87,0.9474905729293823
298,2,0.947451651096344
211,75,0.9473286867141724
289,108,0.9470398426055908
156,48,0.946639358997345
20,69,0.9465187788009644
283,110,0.9464761018753052
1,91,0.946262776851654
21,75,0.9460063576698303
32,72,0.9458426237106323
45,28,0.9457875490188599
200,29,0.94561368227005
237,80,0.9454972743988037
108,14,0.9451570510864258
316,110,0.9450490474700928
237,33,0.9449780583381653
229,75,0.9449325203895569
277,111,0.9448413848876953
43,12,0.944669246673584
241,42,0.9446648955345154
296,108,0.9444029331207275
196,51,0.9443166851997375
147,93,0.944226861000061
10,9,0.9437289834022522
23,58,0.9436073303222656
10,105,0.9435502290725708
242,7,0.9433422684669495
71,54,0.9432548880577087
31,104,0.9431425929069519
52,110,0.9428997039794922
132,21,0.9422661066055298
144,91,0.9421203136444092
244,51,0.9419615864753723
165,70,0.9418990015983582
143,110,0.9416189193725586
286,108,0.9415277242660522
248,46,0.9415180683135986
143,104,0.9412801861763
156,64,0.9408988356590271
289,110,0.9408488273620605
319,110,0.9407650232315063
248,3,0.9404674172401428
20,98,0.9404394626617432
313,24,0.9402421116828918
285,0,0.9401729702949524
240,74,0.9400442242622375
40,26,0.9399442076683044
26,52,0.9398703575134277
317,91,0.9397266507148743
159,111,0.9395991563796997
38,20,0.9393457174301147
202,25,0.93928062915802
210,99,0.9392002820968628
245,43,0.9391566514968872
30,8,0.9391383528709412
307,25,0.9389628767967224
39,11,0.9387853741645813
172,77,0.9383897185325623
237,107,0.9380762577056885
156,74,0.937761127948761
20,31,0.9377250671386719
45,43,0.9376356601715088
31,65,0.9375327229499817
44,105,0.9372351765632629
248,9,0.9371268153190613
31,96,0.9370827078819275
44,68,0.9368679523468018
197,74,0.9368444085121155
96,110,0.9365492463111877
233,108,0.9363788366317749
218,94,0.9360963106155396
252,7,0.9357499480247498
200,102,0.9354590177536011
272,11,0.9353165626525879
198,64,0.9352691769599915
225,108,0.9352148771286011
45,46,0.935084879398346
173,77,0.9350645542144775
2,95,0.9350012540817261
68,9,0.9346417784690857
43,18,0.9345110654830933
255,76,0.9344581365585327
245,0,0.9343814849853516
244,88,0.9343101978302002
201,108,0.9342634677886963
31,81,0.9339675307273865
95,110,0.933620274066925
287,110,0.9335053563117981
135,82,0.9334983229637146
2,63,0.933139443397522
283,42,0.9330313801765442
155,51,0.932915985584259
319,108,0.9328774809837341
305,75,0.9328535199165344
277,17,0.9328095316886902
6,106,0.9323895573616028
248,28,0.932332456111908
37,85,0.9318066239356995
202,76,0.9316238760948181
274,25,0.9313797950744629
213,74,0.9313264489173889
262,51,0.931297779083252
31,31,0.9309850335121155
212,75,0.9309706687927246
179,64,0.930923581123352
10,43,0.9308830499649048
297,54,0.930757999420166
218,3,0.9307371973991394
30,105,0.9306985139846802
245,11,0.93062424659729
36,73,0.9305561184883118
165,98,0.9304534196853638
10,48,0.930294930934906
45,70,0.9300345778465271
158,110,0.9299697279930115
47,80,0.9297783374786377
155,24,0.9292327761650085
207,92,0.9291009306907654
20,72,0.9289283156394958
248,30,0.9288762211799622
135,16,0.928767204284668
310,74,0.9287253618240356
38,19,0.9283654689788818
258,42,0.928130030632019
180,103,0.9280282855033875
139,0,0.9280108213424683
6,22,0.9278891682624817
238,42,0.927842378616333
34,54,0.9278271794319153
20,96,0.9276868104934692
263,51,0.926864743232727
32,104,0.926741898059845
327,42,0.9266764521598816
207,1,0.9266613125801086
24,38,0.9266480803489685
316,7,0.9262502193450928
330,74,0.9262202978134155
37,97,0.9259793162345886
39,78,0.9259353876113892
38,73,0.9258454442024231
224,25,0.9257338643074036
285,108,0.9257206916809082
97,52,0.9257116317749023
218,9,0.925603985786438
20,61,0.9255492091178894
290,77,0.9251609444618225
265,110,0.9250279068946838
39,73,0.9249605536460876
334,35,0.9244949221611023
31,3,0.9244043231010437
38,33,0.9243058562278748
248,80,0.9242902398109436
29,82,0.9240981340408325
293,51,0.9240726828575134
151,92,0.9239768981933594
195,51,0.9237545728683472
324,0,0.9227116703987122
37,18,0.9226937890052795
38,21,0.9225949645042419
31,43,0.9221470952033997
280,51,0.9220901131629944
34,84,0.9213786125183105
310,57,0.921364963054657
218,87,0.9210063815116882
43,105,0.9206979870796204
207,88,0.9201228022575378
143,51,0.9200908541679382
200,26,0.9198803901672363
108,58,0.9197482466697693
295,94,0.9194865226745605
241,25,0.9194258451461792
20,13,0.9192954897880554
32,32,0.9192022085189819
31,22,0.9191147685050964
198,77,0.9189508557319641
204,0,0.918874979019165
259,42,0.9188650846481323
143,101,0.9188346266746521
32,27,0.9188293814659119
41,98,0.9184852242469788
151,48,0.9181905388832092
59,75,0.918175458908081
73,21,0.9177266359329224
146,110,0.9174631834030151
251,11,0.9174508452415466
28,20,0.9173409938812256
277,105,0.9170636534690857
82,21,0.9164766669273376
218,0,0.9161286354064941
138,75,0.9160022735595703
111,42,0.9159380793571472
152,11,0.9152398705482483
38,28,0.9150475859642029
209,99,0.9150280952453613
165,32,0.9150167107582092
235,21,0.914973795413971
31,35,0.9148368835449219
43,31,0.9147443175315857
295,108,0.9144639372825623
23,32,0.9144032001495361
334,40,0.9143966436386108
310,50,0.9138635993003845
314,39,0.9137639403343201
143,40,0.9132146239280701
200,35,0.9129394292831421
23,78,0.9128243923187256
200,57,0.912726104259491
310,65,0.9125990867614746
253,108,0.9125045537948608
157,5,0.912405252456665
220,23,0.9124016761779785
48,23,0.9119823575019836
327,99,0.9119374752044678
31,68,0.9116306304931641
217,77,0.9116155505180359
38,106,0.9115138053894043
224,110,0.9114009141921997
9,95,0.9111679792404175
23,61,0.9110544919967651
41,43,0.9109918475151062
38,100,0.9108529090881348
10,86,0.9107179045677185
310,85,0.9106614589691162
184,108,0.9106365442276001
332,108,0.9103623628616333
147,100,0.9102283716201782
36,2,0.9101144671440125
45,24,0.9098796248435974
252,0,0.9095608592033386
289,74,0.9095379710197449
31,57,0.9094666838645935
101,52,0.9092976450920105
1,0,0.9091361165046692
200,50,0.9089599847793579
216,23,0.9088433980941772
192,42,0.9087421894073486
26,80,0.9082829356193542
304,39,0.9080535769462585
67,39,0.9078968167304993
291,51,0.907753586769104
272,24,0.9074975848197937
32,61,0.9072120785713196
301,0,0.9071208238601685
216,53,0.907026469707489
334,16,0.9069690108299255
33,4,0.9064663052558899
148,11,0.9061247706413269
41,57,0.9060033559799194
42,57,0.9059734344482422
211,110,0.905809223651886
47,12,0.9055696129798889
156,25,0.9054915904998779
64,82,0.9052316546440125
233,75,0.9052244424819946
42,3,0.9051989316940308
37,50,0.9050055742263794
20,46,0.9043546915054321
3,95,0.904151201248169
4,95,0.904151201248169
5,95,0.904151201248169
8,95,0.904151201248169
236,102,0.9038567543029785
197,110,0.9037872552871704
44,13,0.9036809206008911
46,76,0.9035874009132385
20,78,0.9035337567329407
78,52,0.9033216238021851
6,73,0.9030406475067139
278,39,0.9025704264640808
164,25,0.9025617837905884
20,22,0.9024837613105774
191,64,0.902482271194458
39,57,0.902385413646698
66,21,0.901942789554596
36,52,0.9019351005554199
32,57,0.9017261862754822
20,85,0.9016316533088684
19,16,0.9011011123657227
6,95,0.900909960269928
97,21,0.9007631540298462
272,108,0.9007521271705627
44,5,0.9007492065429688
200,84,0.9001610279083252
143,6,0.8999725580215454
266,110,0.8996384739875793
201,0,0.8996177315711975
206,75,0.8995726108551025
202,57,0.8992119431495667
47,57,0.8990136981010437
2,10,0.8987125158309937
236,7,0.8985767960548401
327,2,0.8981247544288635
32,69,0.8978558778762817
252,42,0.8977611064910889
10,28,0.8975673317909241
157,9,0.8972623348236084
180,70,0.8972391486167908
218,108,0.8971575498580933
218,45,0.897108793258667
46,72,0.8969712853431702
287,108,0.8969666361808777
42,28,0.8968111276626587
105,90,0.8963672518730164
260,99,0.8960118293762207
245,37,0.8959208130836487
240,24,0.8957827687263489
219,108,0.8956848382949829
243,11,0.895430326461792
38,36,0.8953015804290771
224,24,0.8952406644821167
243,42,0.8951086401939392
334,96,0.8950995206832886
6,0,0.8949564099311829
165,15,0.8948981761932373
23,45,0.8948783874511719
139,72,0.8948172330856323
308,91,0.8946987986564636
44,24,0.8941523432731628
20,47,0.8939222097396851
9,23,0.8925907611846924
130,110,0.8925198316574097
192,110,0.8923301100730896
28,11,0.8922736644744873
297,24,0.8922238349914551
177,74,0.8919516205787659
140,21,0.8918536901473999
10,4,0.8912767171859741
134,54,0.8907399773597717
248,85,0.8907271027565002
180,27,0.8904543519020081
148,51,0.8901141285896301
156,108,0.8900900483131409
277,104,0.8900279998779297
73,42,0.8899711966514587
200,83,0.8894293308258057
2,9,0.8884211182594299
302,77,0.8881750106811523
262,24,0.887872040271759
32,103,0.8877275586128235
220,53,0.887352466583252
165,10,0.8866114020347595
270,7,0.8865488171577454
255,21,0.886151909828186
204,110,0.8855783343315125
48,2,0.8854477405548096
138,0,0.8852892518043518
270,110,0.8849793076515198
139,74,0.8848680853843689
34,27,0.8848313093185425
146,77,0.8844773769378662
39,43,0.8844203948974609
20,30,0.8840123414993286
318,77,0.883999764919281
39,40,0.8836525082588196
20,32,0.8834183812141418
200,36,0.8830541372299194
38,62,0.8822451233863831
14,42,0.8822435140609741
126,21,0.8820720911026001
43,109,0.8814862966537476
199,77,0.8813177347183228
203,39,0.8810175061225891
277,76,0.8809987306594849
46,16,0.8809233903884888
125,43,0.8801301121711731
6,33,0.8800874352455139
334,101,0.8799432516098022
27,20,0.8797246217727661
328,54,0.8794857263565063
230,11,0.878848671913147
312,37,0.878837525844574
156,103,0.8785053491592407
42,73,0.8779435157775879
194,42,0.8773542046546936
200,98,0.8770504593849182
108,111,0.8769989609718323
242,77,0.8768010139465332
255,75,0.8767858147621155
6,24,0.8767462372779846
194,108,0.8765601515769958
34,64,0.8764959573745728
303,99,0.8764086961746216
48,43,0.8761556148529053
38,59,0.8760831952095032
284,25,0.8759682178497314
144,74,0.8759519457817078
300,75,0.8758611083030701
6,61,0.8757520914077759
171,77,0.8754149675369263
200,65,0.8753650784492493
33,64,0.8752576112747192
288,24,0.8745169639587402
151,86,0.8734706044197083
200,97,0.8733394742012024
30,20,0.8728768229484558
312,57,0.8727359771728516
319,42,0.872272253036499
200,78,0.8722130060195923
34,96,0.872104823589325
241,24,0.8713657259941101
2,39,0.8710504770278931
147,105,0.8709716200828552
45,105,0.8706176280975342
230,108,0.8704649209976196
143,14,0.8704323172569275
200,81,0.8702623248100281
143,84,0.8697021007537842
237,56,0.8692277669906616
290,74,0.8691386580467224
43,90,0.8691060543060303
250,51,0.868384838104248
32,64,0.8682931661605835
39,7,0.8682833909988403
20,57,0.8680368065834045
202,72,0.8678672909736633
217,53,0.8674888014793396
2,107,0.8668226003646851
33,13,0.8667652606964111
233,39,0.866657018661499
28,102,0.8661372065544128
277,37,0.8660211563110352
233,11,0.8656235337257385
147,44,0.8651034832000732
15,43,0.8649844527244568
34,6,0.8647768497467041
278,43,0.8646685481071472
197,108,0.8646610975265503
320,39,0.8646533489227295
12,110,0.864287793636322
248,88,0.8641626238822937
187,103,0.864020586013794
281,42,0.863841712474823
43,41,0.8634122014045715
46,37,0.8632934093475342
177,0,0.8632679581642151
40,42,0.8630488514900208
84,75,0.8625012636184692
242,51,0.8624805808067322
157,25,0.8623177409172058
143,32,0.8622071146965027
165,96,0.8622066974639893
46,57,0.8619560599327087
41,82,0.8618331551551819
332,24,0.8613000512123108
87,39,0.8610838055610657
69,52,0.8609909415245056
207,24,0.8609398603439331
187,70,0.8603639602661133
199,42,0.8601335287094116
217,9,0.8599423766136169
31,73,0.8598467111587524
23,96,0.8595150113105774
264,25,0.8594033718109131
58,110,0.859255313873291
270,108,0.8586907386779785
263,24,0.8584346771240234
269,42,0.8584098815917969
125,2,0.8583446145057678
253,74,0.8582586646080017
288,42,0.858255922794342
217,23,0.8582372069358826
137,24,0.8582024574279785
236,82,0.8576744794845581
292,51,0.857398271560669
32,73,0.8573876619338989
20,27,0.8568229079246521
20,0,0.8554776906967163
23,22,0.8553311228752136
297,39,0.8550450801849365
301,24,0.8547666668891907
32,10,0.8547229170799255
248,59,0.8546835780143738
245,76,0.854619026184082
112,52,0.8543849587440491
131,103,0.8535094261169434
304,108,0.8533086180686951
200,32,0.8530155420303345
184,2,0.8529526591300964
157,74,0.8528853058815002
255,57,0.8527131080627441
272,110,0.852453351020813
156,101,0.8523428440093994
265,74,0.8521230816841125
174,108,0.8520827293395996
42,52,0.8518548011779785
268,75,0.8518033623695374
310,81,0.8513728976249695
204,51,0.8510882258415222
6,38,0.850156843662262
29,102,0.8500224351882935
310,80,0.8497051000595093
325,51,0.8496883511543274
141,108,0.8496318459510803
227,108,0.8494033217430115
37,65,0.8491833209991455
324,105,0.84902423620224
292,108,0.8489275574684143
200,47,0.8488113284111023
150,108,0.8487910628318787
10,89,0.8486032485961914
331,108,0.8485975861549377
199,51,0.8482728004455566
60,110,0.8474789261817932
40,98,0.8474513292312622
200,46,0.8473774790763855
32,43,0.8471816778182983
151,103,0.8467822074890137
20,35,0.8466602563858032
305,11,0.8464635610580444
310,46,0.8454634547233582
222,57,0.8448230624198914
265,0,0.8447685241699219
23,40,0.8446860909461975
251,38,0.8446660041809082
43,73,0.8446522355079651
301,108,0.8446319103240967
219,7,0.8445818424224854
289,0,0.8444422483444214
99,52,0.8443892002105713
310,18,0.8443534970283508
40,27,0.8440967202186584
261,110,0.8433839678764343
168,108,0.8431808948516846
132,27,0.8428651094436646
39,47,0.8425033688545227
215,24,0.8424927592277527
200,16,0.842348039150238
80,54,0.842136025428772
31,28,0.8418973684310913
210,42,0.8415806293487549
138,74,0.8415780663490295
26,0,0.8414450287818909
35,73,0.841359555721283
139,21,0.8412092328071594
302,51,0.8404882550239563
271,74,0.8398729562759399
308,42,0.8394854068756104
234,77,0.8390775918960571
10,103,0.838380753993988
200,69,0.8381559252738953
20,103,0.8381329774856567
158,103,0.838019073009491
293,108,0.8378272652626038
146,108,0.83767169713974
265,108,0.8376446962356567
22,82,0.8375594615936279
307,24,0.837519109249115
263,108,0.8359425067901611
329,25,0.8352713584899902
277,79,0.8352163434028625
282,51,0.8350734114646912
130,58,0.8350477814674377
32,13,0.8346790671348572
200,61,0.834178626537323
318,51,0.8336398005485535
42,85,0.8335775136947632
28,73,0.8335469961166382
237,19,0.8333869576454163
156,86,0.8332626819610596
20,73,0.8332230448722839
182,103,0.8322352170944214
143,27,0.8321076035499573
193,110,0.8319910764694214
30,79,0.8316366076469421
143,90,0.831494927406311
302,58,0.8312042355537415
200,86,0.831106960773468
322,51,0.8309310674667358
30,59,0.8305978178977966
312,36,0.83012455701828
37,96,0.8298701643943787
312,102,0.8298232555389404
277,53,0.828553318977356
334,14,0.8285062909126282
25,24,0.8280930519104004
232,99,0.8280017375946045
14,39,0.8279431462287903
187,27,0.8272579908370972
20,43,0.8270110487937927
334,98,0.8265388607978821
43,28,0.8263921141624451
253,91,0.8263845443725586
263,42,0.8260798454284668
122,52,0.8260384798049927
301,64,0.8255830407142639
75,21,0.8254149556159973
203,24,0.8251110911369324
182,70,0.8242395520210266
202,37,0.8234614729881287
34,35,0.8233751058578491
301,7,0.8233068585395813
277,100,0.8232993483543396
154,108,0.8228617906570435
200,110,0.8228409290313721
40,103,0.8221989274024963
226,108,0.821931004524231
310,16,0.8218752145767212
2,59,0.8216822147369385
46,0,0.8215976357460022
316,108,0.8213986158370972
159,86,0.8211275935173035
36,95,0.8210263848304749
222,25,0.8209763169288635
68,110,0.8209140300750732
334,26,0.8201665878295898
177,25,0.8198466897010803
298,108,0.8198023438453674
213,108,0.8195189833641052
200,68,0.8193692564964294
157,92,0.8188276290893555
220,74,0.8187702894210815
135,24,0.8185698390007019
317,42,0.8185185790061951
39,86,0.8184258341789246
6,107,0.8181433081626892
207,0,0.8180662393569946
200,101,0.8173774480819702
329,57,0.8172300457954407
39,72,0.8170235753059387
45,90,0.8170070648193359
204,25,0.8168047666549683
218,28,0.816551148891449
238,24,0.8164815306663513
238,25,0.8164324760437012
37,104,0.8164243102073669
34,97,0.8162769675254822
205,77,0.8161590099334717
202,104,0.8158778548240662
159,17,0.815322756767273
236,76,0.8152468204498291
178,103,0.8152287602424622
143,64,0.8151842355728149
244,39,0.815143883228302
137,51,0.8150410652160645
41,18,0.8149659037590027
33,109,0.8148167729377747
246,108,0.8147962689399719
19,43,0.8147891759872437
7,56,0.8145186901092529
317,110,0.8144568800926208
240,25,0.8143672347068787
194,25,0.8137381672859192
317,0,0.8129785060882568
139,36,0.8129746317863464
157,2,0.8129134774208069
31,10,0.8123184442520142
7,95,0.8120890855789185
236,29,0.8117062449455261
65,39,0.8114938139915466
41,75,0.8109921216964722
125,80,0.8109827041625977
312,108,0.8107238411903381
255,28,0.8095269203186035
11,51,0.809480607509613
151,51,0.8093461394309998
165,4,0.8091212511062622
278,108,0.8090000152587891
277,48,0.8089165091514587
147,88,0.8081643581390381
220,9,0.8080433011054993
331,76,0.80757737159729
252,5,0.8073310256004333
248,65,0.8070875406265259
9,45,0.8070696592330933
301,58,0.807049572467804
248,111,0.8069214820861816
43,43,0.8067092299461365
200,40,0.8063841462135315
242,110,0.8062803745269775
152,51,0.8061056733131409
42,80,0.8059753775596619
41,26,0.8059630990028381
255,36,0.8059170842170715
328,51,0.805216908454895
326,51,0.8045508861541748
248,50,0.8041121959686279
37,45,0.8039530515670776
47,50,0.803816020488739
67,2,0.8031268119812012
200,31,0.8029083609580994
163,108,0.8017659187316895
158,48,0.8015785813331604
123,110,0.8010693788528442
267,108,0.8004359602928162
26,7,0.7995585799217224
156,26,0.7988698482513428
37,43,0.7985256910324097
317,7,0.7985102534294128
275,77,0.7984089255332947
143,76,0.7981765270233154
200,18,0.7981462478637695
270,43,0.7970929741859436
276,24,0.7970849871635437
219,25,0.7963491082191467
149,51,0.795835554599762
156,14,0.7956776022911072
299,57,0.7956740260124207
327,24,0.7956259846687317
3,28,0.7949225902557373
4,28,0.7949225902557373
5,28,0.7949225902557373
8,28,0.7949225902557373
178,70,0.7948510646820068
145,77,0.7938421964645386
182,27,0.7934109568595886
140,74,0.7933455109596252
59,52,0.7930731773376465
156,90,0.7929210662841797
10,25,0.7920601963996887
43,68,0.7909839749336243
200,64,0.7907760739326477
216,9,0.7904956936836243
143,96,0.7898679971694946
334,74,0.7898264527320862
29,52,0.7888181209564209
38,87,0.788428783416748
175,108,0.7881155610084534
212,108,0.7879174947738647
224,91,0.7875749468803406
231,74,0.7873390913009644
183,3,0.7869548797607422
52,53,0.786935567855835
223,42,0.7857562303543091
262,108,0.7850304841995239
113,21,0.7848326563835144
191,48,0.7845687866210938
41,65,0.7844814658164978
317,108,0.7836941480636597
243,108,0.7835825085639954
3,63,0.7832483053207397
4,63,0.7832483053207397
5,63,0.7832483053207397
8,63,0.7832483053207397
87,110,0.7812809944152832
200,85,0.7809979319572449
139,57,0.7809213995933533
31,69,0.7803952097892761
132,64,0.7795909643173218
44,36,0.7794051170349121
307,51,0.7785674333572388
277,28,0.7782065868377686
156,0,0.7778407335281372
20,7,0.7771490216255188
141,75,0.7771233916282654
144,0,0.7770366668701172
1,64,0.7764438986778259
26,73,0.7762869596481323
158,54,0.7755745649337769
2,15,0.774996817111969
152,2,0.7746139764785767
237,88,0.7744482159614563
80,52,0.7741714715957642
301,26,0.7737389802932739
47,85,0.7734919190406799
156,82,0.7729737758636475
34,18,0.7728847861289978
158,90,0.7725861668586731
31,61,0.7725452184677124
285,25,0.7722058296203613
254,108,0.7720770835876465
206,108,0.7716128826141357
205,108,0.7713987231254578
13,24,0.7708567380905151
279,74,0.7702528834342957
160,82,0.7700170874595642
241,110,0.76949143409729
200,70,0.7693532705307007
220,42,0.7689453363418579
47,18,0.7689248323440552
178,27,0.7675992846488953
156,35,0.7671399116516113
263,77,0.7669382095336914
107,39,0.7665477395057678
44,78,0.7663363814353943
190,110,0.7660177946090698
200,93,0.7654165029525757
23,30,0.7653621435165405
277,90,0.7653501629829407
248,20,0.7653296589851379
56,24,0.7653062343597412
30,111,0.7647876143455505
310,31,0.7643498778343201
330,25,0.7640856504440308
159,51,0.7635319828987122
325,24,0.7630366086959839
49,110,0.7629166841506958
236,52,0.7619655728340149
40,77,0.7615663409233093
19,24,0.7608302235603333
22,23,0.7608098387718201
41,28,0.7608036994934082
331,21,0.7607903480529785
33,15,0.7599742412567139
43,69,0.7599675059318542
282,91,0.7598264813423157
21,3,0.7595183849334717
326,53,0.7594075798988342
273,25,0.758390486240387
199,108,0.7583216428756714
271,0,0.7579548954963684
9,63,0.7576777935028076
191,103,0.7573510408401489
248,44,0.7562623023986816
43,65,0.7561016082763672
289,7,0.7552759051322937
222,51,0.7550852298736572
157,77,0.7547864317893982
245,57,0.7547042369842529
38,49,0.7545551061630249
6,19,0.7539955973625183
38,8,0.7539077401161194
69,77,0.753658652305603
200,5,0.7531567811965942
20,91,0.7529186606407166
161,74,0.7527850866317749
165,66,0.7517843842506409
105,110,0.7517532110214233
34,13,0.750990629196167
37,58,0.7508423924446106
191,108,0.7500364184379578
