RNA_ID,Disease_ID,Score
0,11,1.0
0,24,1.0
0,34,1.0
1,21,1.0
1,24,1.0
1,34,1.0
1,42,1.0
2,23,1.0
7,34,1.0
19,21,1.0
19,42,1.0
19,91,1.0
20,23,1.0
23,21,1.0
23,34,1.0
23,42,1.0
26,34,1.0
26,42,1.0
26,82,1.0
27,6,1.0
27,9,1.0
27,24,1.0
27,26,1.0
27,77,1.0
27,83,1.0
27,84,1.0
27,104,1.0
27,110,1.0
28,34,1.0
29,34,1.0
30,9,1.0
30,23,1.0
30,53,1.0
30,75,1.0
30,82,1.0
30,102,1.0
30,110,1.0
31,24,1.0
31,54,1.0
31,91,1.0
31,110,1.0
32,9,1.0
32,16,1.0
32,23,1.0
32,53,1.0
32,75,1.0
32,110,1.0
33,9,1.0
33,11,1.0
33,24,1.0
33,53,1.0
33,54,1.0
33,75,1.0
33,82,1.0
33,91,1.0
33,99,1.0
33,110,1.0
34,11,1.0
34,24,1.0
34,42,1.0
34,54,1.0
34,74,1.0
34,110,1.0
35,34,1.0
35,82,1.0
35,91,1.0
35,110,1.0
36,9,1.0
36,23,1.0
36,34,1.0
36,42,1.0
36,82,1.0
37,11,1.0
37,21,1.0
37,24,1.0
37,29,1.0
37,54,1.0
37,99,1.0
37,110,1.0
38,9,1.0
38,23,1.0
38,53,1.0
38,82,1.0
39,6,1.0
39,7,1.0
39,9,1.0
39,12,1.0
39,21,1.0
39,23,1.0
39,30,1.0
39,36,1.0
39,37,1.0
39,42,1.0
39,50,1.0
39,53,1.0
39,65,1.0
39,71,1.0
39,75,1.0
39,76,1.0
39,81,1.0
39,82,1.0
39,85,1.0
39,91,1.0
40,34,1.0
40,42,1.0
41,24,1.0
41,54,1.0
41,77,1.0
41,102,1.0
41,110,1.0
42,7,1.0
42,21,1.0
42,34,1.0
42,110,1.0
43,9,1.0
43,23,1.0
43,54,1.0
43,75,1.0
43,82,1.0
43,91,1.0
43,110,1.0
44,9,1.0
44,23,1.0
44,53,1.0
44,75,1.0
44,82,1.0
44,102,1.0
44,110,1.0
45,9,1.0
45,11,1.0
45,24,1.0
45,75,1.0
45,77,1.0
45,82,1.0
45,99,1.0
45,110,1.0
46,7,1.0
46,29,1.0
46,42,1.0
46,91,1.0
46,102,1.0
47,7,1.0
47,34,1.0
47,91,1.0
47,102,1.0
47,110,1.0
48,9,1.0
48,23,1.0
48,53,1.0
48,82,1.0
50,34,1.0
51,9,1.0
51,23,1.0
56,54,1.0
59,34,1.0
60,53,1.0
61,34,1.0
62,34,1.0
64,23,1.0
64,53,1.0
64,82,1.0
65,23,1.0
65,53,1.0
66,53,1.0
67,9,1.0
67,23,1.0
67,53,1.0
68,9,1.0
68,53,1.0
69,21,1.0
69,23,1.0
70,23,1.0
70,53,1.0
72,53,1.0
72,82,1.0
76,53,1.0
77,9,1.0
77,53,1.0
78,34,1.0
79,34,1.0
79,53,1.0
80,34,1.0
81,53,1.0
82,53,1.0
84,34,1.0
85,34,1.0
86,53,1.0
87,23,1.0
87,53,1.0
91,34,1.0
94,34,1.0
95,23,1.0
97,9,1.0
97,53,1.0
99,9,1.0
99,34,1.0
99,53,1.0
100,23,1.0
101,34,1.0
104,34,1.0
105,23,1.0
105,53,1.0
105,82,1.0
106,53,1.0
108,23,1.0
109,34,1.0
109,53,1.0
110,23,1.0
112,23,1.0
112,34,1.0
112,53,1.0
113,23,1.0
114,34,1.0
119,23,1.0
122,34,1.0
124,34,1.0
125,34,1.0
126,34,1.0
127,34,1.0
129,23,1.0
129,53,1.0
130,23,1.0
131,23,1.0
132,23,1.0
133,34,1.0
138,34,1.0
139,24,1.0
139,34,1.0
143,24,1.0
143,42,1.0
147,11,1.0
147,24,1.0
147,34,1.0
147,74,1.0
149,11,1.0
149,24,1.0
149,34,1.0
149,54,1.0
152,34,1.0
155,24,1.0
156,34,1.0
157,24,1.0
158,24,1.0
158,34,1.0
158,54,1.0
159,34,1.0
160,24,1.0
165,34,1.0
177,34,1.0
178,34,1.0
179,34,1.0
180,34,1.0
181,34,1.0
182,34,1.0
183,34,1.0
185,34,1.0
186,34,1.0
187,34,1.0
188,34,1.0
189,34,1.0
191,34,1.0
196,34,1.0
198,34,1.0
202,34,1.0
202,54,1.0
204,34,1.0
206,24,1.0
206,34,1.0
207,7,1.0
207,29,1.0
207,37,1.0
207,46,1.0
207,71,1.0
207,76,1.0
207,77,1.0
207,91,1.0
207,102,1.0
208,42,1.0
209,11,1.0
209,24,1.0
209,42,1.0
209,54,1.0
209,110,1.0
219,24,1.0
235,21,1.0
235,42,1.0
236,34,1.0
237,11,1.0
237,54,1.0
241,11,1.0
241,24,1.0
242,34,1.0
244,34,1.0
245,7,1.0
245,29,1.0
245,36,1.0
245,37,1.0
245,42,1.0
245,71,1.0
245,74,1.0
245,77,1.0
251,34,1.0
255,42,1.0
255,54,1.0
267,34,1.0
270,42,1.0
270,54,1.0
271,42,1.0
274,11,1.0
274,24,1.0
277,11,1.0
277,54,1.0
277,74,1.0
277,99,1.0
277,100,1.0
277,103,1.0
278,34,1.0
285,42,1.0
295,11,1.0
295,24,1.0
295,54,1.0
297,34,1.0
301,34,1.0
302,34,1.0
305,34,1.0
310,24,1.0
312,24,1.0
314,24,1.0
317,24,1.0
317,54,1.0
322,24,1.0
322,34,1.0
324,11,1.0
325,34,1.0
329,42,1.0
329,54,1.0
331,42,1.0
334,1,1.0
334,2,1.0
334,5,1.0
334,11,1.0
334,24,1.0
334,28,1.0
334,39,1.0
334,40,1.0
334,44,1.0
334,45,1.0
334,48,1.0
334,55,1.0
334,58,1.0
334,66,1.0
334,72,1.0
334,74,1.0
334,86,1.0
334,87,1.0
334,92,1.0
334,98,1.0
334,99,1.0
334,103,1.0
334,108,1.0
334,109,1.0
1,91,0.9999998807907104
1,110,0.9999998807907104
16,23,0.9999998807907104
26,91,0.9999998807907104
34,99,0.9999998807907104
35,23,0.9999998807907104
35,75,0.9999998807907104
37,102,0.9999998807907104
39,18,0.9999998807907104
39,58,0.9999998807907104
42,77,0.9999998807907104
43,24,0.9999998807907104
45,37,0.9999998807907104
46,16,0.9999998807907104
47,77,0.9999998807907104
50,53,0.9999998807907104
58,34,0.9999998807907104
60,9,0.9999998807907104
63,23,0.9999998807907104
69,9,0.9999998807907104
69,34,0.9999998807907104
93,9,0.9999998807907104
98,9,0.9999998807907104
105,21,0.9999998807907104
108,53,0.9999998807907104
132,21,0.9999998807907104
139,11,0.9999998807907104
152,54,0.9999998807907104
207,12,0.9999998807907104
207,16,0.9999998807907104
207,50,0.9999998807907104
207,97,0.9999998807907104
222,42,0.9999998807907104
245,11,0.9999998807907104
245,76,0.9999998807907104
249,24,0.9999998807907104
277,24,0.9999998807907104
277,39,0.9999998807907104
299,11,0.9999998807907104
300,54,0.9999998807907104
307,24,0.9999998807907104
27,53,0.9999997615814209
36,21,0.9999997615814209
36,110,0.9999997615814209
39,31,0.9999997615814209
39,77,0.9999997615814209
45,74,0.9999997615814209
46,76,0.9999997615814209
56,24,0.9999997615814209
89,23,0.9999997615814209
138,11,0.9999997615814209
158,11,0.9999997615814209
158,42,0.9999997615814209
168,54,0.9999997615814209
207,0,0.9999997615814209
207,65,0.9999997615814209
216,24,0.9999997615814209
225,24,0.9999997615814209
245,12,0.9999997615814209
267,54,0.9999997615814209
277,2,0.9999997615814209
324,42,0.9999997615814209
26,24,0.9999996423721313
27,23,0.9999996423721313
30,7,0.9999996423721313
39,72,0.9999996423721313
39,110,0.9999996423721313
44,58,0.9999996423721313
45,23,0.9999996423721313
46,77,0.9999996423721313
58,23,0.9999996423721313
69,53,0.9999996423721313
73,53,0.9999996423721313
98,34,0.9999996423721313
110,82,0.9999996423721313
132,9,0.9999996423721313
132,53,0.9999996423721313
175,11,0.9999996423721313
175,24,0.9999996423721313
207,72,0.9999996423721313
237,74,0.9999996423721313
238,24,0.9999996423721313
252,77,0.9999996423721313
252,91,0.9999996423721313
273,24,0.9999996423721313
277,55,0.9999996423721313
277,86,0.9999996423721313
282,24,0.9999996423721313
300,11,0.9999996423721313
334,71,0.9999996423721313
20,9,0.9999995231628418
32,24,0.9999995231628418
39,26,0.9999995231628418
39,84,0.9999995231628418
48,34,0.9999995231628418
52,23,0.9999995231628418
70,21,0.9999995231628418
94,9,0.9999995231628418
100,9,0.9999995231628418
178,24,0.9999995231628418
180,24,0.9999995231628418
219,11,0.9999995231628418
245,102,0.9999995231628418
249,11,0.9999995231628418
255,24,0.9999995231628418
277,1,0.9999995231628418
280,54,0.9999995231628418
334,10,0.9999995231628418
35,16,0.9999994039535522
39,97,0.9999994039535522
39,104,0.9999994039535522
112,82,0.9999994039535522
149,99,0.9999994039535522
188,24,0.9999994039535522
189,24,0.9999994039535522
245,57,0.9999994039535522
245,110,0.9999994039535522
250,24,0.9999994039535522
269,24,0.9999994039535522
334,17,0.9999994039535522
19,110,0.9999992847442627
26,23,0.9999992847442627
27,35,0.9999992847442627
27,61,0.9999992847442627
31,99,0.9999992847442627
60,34,0.9999992847442627
92,34,0.9999992847442627
148,23,0.9999992847442627
168,24,0.9999992847442627
202,24,0.9999992847442627
207,30,0.9999992847442627
270,11,0.9999992847442627
294,54,0.9999992847442627
330,24,0.9999992847442627
37,108,0.9999991655349731
51,21,0.9999991655349731
75,34,0.9999991655349731
91,23,0.9999991655349731
147,103,0.9999991655349731
147,108,0.9999991655349731
223,24,0.9999991655349731
271,54,0.9999991655349731
326,54,0.9999991655349731
334,36,0.9999991655349731
41,75,0.9999990463256836
42,16,0.9999990463256836
68,82,0.9999990463256836
245,46,0.9999990463256836
255,21,0.9999990463256836
277,106,0.9999990463256836
327,11,0.9999990463256836
38,99,0.999998927116394
45,108,0.999998927116394
207,68,0.999998927116394
334,38,0.999998927116394
35,53,0.9999988079071045
46,110,0.9999988079071045
50,9,0.9999988079071045
83,53,0.9999988079071045
140,24,0.9999988079071045
147,2,0.9999988079071045
182,24,0.9999988079071045
207,81,0.9999988079071045
209,77,0.9999988079071045
209,91,0.9999988079071045
310,110,0.9999988079071045
44,16,0.9999986886978149
47,16,0.9999986886978149
149,108,0.9999986886978149
164,24,0.9999986886978149
209,74,0.9999986886978149
233,54,0.9999986886978149
254,24,0.9999986886978149
264,42,0.9999986886978149
277,108,0.9999986886978149
277,110,0.9999986886978149
310,91,0.9999986886978149
314,11,0.9999986886978149
33,108,0.9999985694885254
35,9,0.9999985694885254
39,22,0.9999985694885254
43,99,0.9999985694885254
49,53,0.9999985694885254
55,9,0.9999985694885254
78,53,0.9999985694885254
153,24,0.9999985694885254
252,46,0.9999985694885254
174,11,0.9999984502792358
174,24,0.9999984502792358
33,36,0.9999983310699463
34,108,0.9999983310699463
41,82,0.9999983310699463
74,53,0.9999983310699463
117,34,0.9999983310699463
125,24,0.9999983310699463
207,18,0.9999983310699463
267,11,0.9999983310699463
277,45,0.9999983310699463
318,24,0.9999983310699463
331,21,0.9999983310699463
334,35,0.9999983310699463
202,11,0.9999982118606567
207,47,0.9999982118606567
332,24,0.9999982118606567
334,94,0.9999982118606567
65,82,0.9999980926513672
81,34,0.9999980926513672
131,9,0.9999980926513672
132,34,0.9999980926513672
212,24,0.9999980926513672
245,81,0.9999980926513672
19,16,0.9999979734420776
109,21,0.9999979734420776
330,54,0.9999979734420776
31,108,0.9999978542327881
60,82,0.9999978542327881
150,24,0.9999978542327881
224,11,0.9999978542327881
289,42,0.9999978542327881
114,9,0.9999977350234985
117,9,0.9999977350234985
143,77,0.9999977350234985
27,98,0.999997615814209
46,37,0.999997615814209
317,11,0.999997615814209
28,21,0.9999974966049194
41,11,0.9999974966049194
152,24,0.9999974966049194
201,54,0.9999974966049194
277,44,0.9999974966049194
20,82,0.9999973773956299
33,5,0.9999973773956299
36,53,0.9999973773956299
43,16,0.9999973773956299
231,24,0.9999972581863403
312,110,0.9999972581863403
32,50,0.9999971389770508
38,58,0.9999971389770508
90,53,0.9999971389770508
277,87,0.9999970197677612
282,11,0.9999970197677612
27,11,0.9999969005584717
52,9,0.9999969005584717
207,36,0.9999969005584717
311,24,0.9999969005584717
312,77,0.9999969005584717
28,54,0.9999966621398926
13,24,0.999996542930603
57,23,0.999996542930603
186,24,0.999996542930603
275,24,0.999996542930603
27,96,0.9999964237213135
39,14,0.9999964237213135
95,9,0.9999964237213135
152,11,0.9999964237213135
209,108,0.9999963045120239
24,23,0.9999961853027344
41,36,0.9999961853027344
80,53,0.9999961853027344
301,42,0.9999961853027344
39,111,0.9999960660934448
225,11,0.9999960660934448
252,42,0.9999960660934448
293,24,0.9999960660934448
20,53,0.9999959468841553
137,24,0.9999958276748657
307,11,0.9999958276748657
90,9,0.9999957084655762
148,9,0.9999957084655762
187,24,0.9999957084655762
39,96,0.9999955892562866
110,34,0.9999955892562866
69,42,0.9999954700469971
237,39,0.9999954700469971
75,53,0.9999953508377075
256,24,0.999995231628418
257,24,0.999995231628418
67,21,0.9999951124191284
38,21,0.9999949932098389
39,68,0.9999949932098389
207,21,0.9999949932098389
207,84,0.9999949932098389
322,11,0.9999949932098389
37,75,0.9999948740005493
206,11,0.9999948740005493
224,24,0.9999946355819702
319,54,0.9999946355819702
310,7,0.9999943971633911
164,11,0.9999942779541016
310,11,0.9999942779541016
29,110,0.999994158744812
135,42,0.9999940395355225
139,110,0.9999940395355225
238,11,0.9999940395355225
306,24,0.9999940395355225
33,45,0.9999939203262329
325,24,0.9999939203262329
30,24,0.9999938011169434
334,89,0.9999936819076538
33,103,0.9999934434890747
312,7,0.9999934434890747
313,24,0.9999932050704956
207,13,0.999993085861206
289,54,0.999993085861206
326,42,0.999993085861206
310,77,0.9999929666519165
49,9,0.999992847442627
56,11,0.999992847442627
204,11,0.999992847442627
324,110,0.999992847442627
76,82,0.9999927282333374
215,24,0.9999927282333374
245,16,0.9999927282333374
107,34,0.9999926090240479
326,24,0.9999926090240479
33,92,0.9999924898147583
277,32,0.9999924898147583
44,83,0.9999922513961792
290,11,0.9999922513961792
31,74,0.9999921321868896
277,19,0.9999920129776001
299,77,0.9999918937683105
53,82,0.9999916553497314
265,91,0.9999916553497314
245,0,0.9999915361404419
258,24,0.9999914169311523
26,53,0.9999912977218628
45,103,0.9999910593032837
92,53,0.9999910593032837
245,50,0.9999910593032837
266,24,0.9999910593032837
149,2,0.9999909400939941
198,24,0.9999909400939941
251,24,0.9999909400939941
277,66,0.9999909400939941
299,74,0.9999908208847046
31,75,0.999990701675415
247,54,0.999990701675415
271,91,0.999990701675415
39,78,0.9999905824661255
247,42,0.9999903440475464
45,16,0.9999902248382568
277,48,0.9999899864196777
285,91,0.9999899864196777
19,82,0.9999898672103882
303,24,0.9999898672103882
46,54,0.9999895095825195
271,24,0.9999895095825195
284,24,0.9999892711639404
47,76,0.9999891519546509
207,85,0.9999890327453613
330,11,0.9999890327453613
23,110,0.9999889135360718
277,61,0.999988317489624
209,7,0.9999878406524658
319,11,0.9999878406524658
42,75,0.9999877214431763
294,11,0.9999877214431763
309,24,0.9999876022338867
327,24,0.9999871253967285
48,75,0.999987006187439
259,24,0.999987006187439
179,11,0.9999867677688599
41,71,0.9999866485595703
233,11,0.9999862909317017
277,58,0.9999862909317017
36,99,0.9999850988388062
39,13,0.999984860420227
52,82,0.999984622001648
277,49,0.999984622001648
43,11,0.9999842643737793
207,6,0.9999840259552002
73,34,0.9999839067459106
126,23,0.9999839067459106
321,11,0.9999837875366211
277,40,0.9999836683273315
40,110,0.999983549118042
111,9,0.9999833106994629
329,110,0.9999833106994629
80,110,0.9999831914901733
269,11,0.9999831914901733
324,74,0.9999830722808838
74,34,0.999982476234436
224,54,0.9999822378158569
38,110,0.9999821186065674
58,9,0.9999816417694092
284,54,0.9999816417694092
333,24,0.9999816417694092
32,12,0.9999815225601196
52,53,0.999981164932251
108,82,0.999981164932251
46,50,0.9999810457229614
285,24,0.999980092048645
207,31,0.9999798536300659
241,39,0.9999798536300659
28,110,0.9999794960021973
63,110,0.9999791383743286
277,33,0.9999791383743286
334,57,0.9999790191650391
133,24,0.9999788999557495
245,6,0.9999785423278809
277,109,0.9999785423278809
245,18,0.9999779462814331
185,24,0.9999774694442749
235,102,0.9999774694442749
113,21,0.9999769926071167
149,110,0.9999768733978271
35,24,0.9999758005142212
245,68,0.9999758005142212
21,24,0.9999756813049316
22,24,0.9999755620956421
34,39,0.9999755620956421
329,77,0.9999754428863525
308,91,0.999975323677063
42,82,0.9999752044677734
154,24,0.9999752044677734
270,77,0.9999750852584839
118,34,0.9999748468399048
39,90,0.9999744892120361
1,77,0.9999734163284302
34,7,0.9999734163284302
208,24,0.9999734163284302
143,74,0.9999730587005615
334,3,0.999972939491272
26,9,0.9999727010726929
136,24,0.9999723434448242
34,77,0.9999721050262451
147,99,0.9999721050262451
245,108,0.9999719858169556
2,9,0.9999700784683228
40,23,0.9999700784683228
151,99,0.9999699592590332
275,11,0.9999699592590332
277,60,0.9999697208404541
148,53,0.9999687671661377
277,62,0.9999685287475586
32,65,0.9999678134918213
145,24,0.9999678134918213
79,21,0.9999676942825317
149,74,0.9999674558639526
295,110,0.9999665021896362
273,11,0.9999662637710571
83,9,0.999966025352478
277,28,0.9999656677246094
284,11,0.9999650716781616
255,77,0.9999643564224243
252,7,0.9999641180038452
299,91,0.9999639987945557
148,82,0.999962329864502
245,47,0.9999620914459229
264,91,0.999961256980896
334,77,0.999961256980896
157,108,0.9999607801437378
30,99,0.9999605417251587
42,37,0.99996018409729
52,21,0.9999600648880005
129,21,0.9999599456787109
125,110,0.9999598264694214
237,108,0.9999594688415527
105,75,0.9999593496322632
78,9,0.9999591112136841
39,0,0.9999586343765259
101,110,0.9999581575393677
29,24,0.9999573230743408
87,82,0.9999570846557617
48,110,0.9999566078186035
207,42,0.9999566078186035
10,21,0.9999562501907349
58,53,0.9999562501907349
217,24,0.9999558925628662
278,24,0.9999552965164185
334,105,0.9999548196792603
207,22,0.9999537467956543
115,82,0.9999535083770752
19,75,0.9999527931213379
122,23,0.9999525547027588
32,104,0.9999512434005737
208,110,0.9999512434005737
48,42,0.9999510049819946
163,24,0.9999500513076782
31,36,0.9999498128890991
285,54,0.99994957447052
33,26,0.9999494552612305
270,91,0.9999486207962036
329,21,0.9999469518661499
40,82,0.9999464750289917
296,24,0.999944806098938
99,75,0.9999446868896484
26,16,0.9999438524246216
252,0,0.9999438524246216
37,82,0.9999436140060425
265,21,0.9999433755874634
316,24,0.9999431371688843
46,36,0.9999430179595947
99,110,0.9999425411224365
39,40,0.9999420642852783
16,53,0.9999418258666992
255,29,0.9999414682388306
304,24,0.9999411106109619
74,9,0.9999407529830933
277,72,0.9999402761459351
45,53,0.9999393224716187
45,45,0.9999392032623291
277,98,0.9999381303787231
39,101,0.9999380111694336
54,23,0.9999380111694336
216,11,0.9999377727508545
143,91,0.9999376535415649
299,7,0.9999374151229858
124,9,0.9999364614486694
33,16,0.9999338388442993
57,53,0.999933123588562
255,11,0.9999325275421143
113,34,0.9999313354492188
151,2,0.9999312162399292
235,110,0.9999308586120605
207,57,0.9999305009841919
138,110,0.9999303817749023
274,39,0.9999269247055054
75,9,0.9999265670776367
241,108,0.9999264478683472
324,108,0.999924898147583
39,70,0.9999244213104248
157,74,0.9999244213104248
156,24,0.9999241828918457
27,108,0.9999240636825562
174,74,0.9999239444732666
44,14,0.9999231100082397
42,36,0.999922513961792
229,24,0.9999207258224487
111,34,0.9999194145202637
120,9,0.9999179840087891
23,102,0.9999167919158936
114,82,0.9999167919158936
312,11,0.9999154806137085
333,11,0.9999150037765503
31,82,0.9999139308929443
277,95,0.9999130964279175
227,24,0.9999126195907593
39,4,0.9999125003814697
334,15,0.9999115467071533
255,102,0.9999096393585205
73,82,0.9999091625213623
221,24,0.999907374382019
100,82,0.9999070167541504
80,9,0.9999068975448608
237,103,0.9999054670333862
181,24,0.9999046325683594
277,42,0.9999039173126221
276,24,0.9999034404754639
46,0,0.9999032020568848
223,11,0.9999027252197266
91,53,0.9999014139175415
159,11,0.9999011754989624
43,58,0.9998997449874878
85,75,0.9998989105224609
116,9,0.9998987913131714
163,11,0.9998984336853027
44,27,0.9998968839645386
222,24,0.9998961687088013
28,91,0.9998952150344849
121,9,0.9998939037322998
85,110,0.9998937845230103
45,87,0.9998928308486938
66,34,0.9998893737792969
47,36,0.9998892545700073
334,6,0.9998891353607178
151,39,0.9998886585235596
245,13,0.9998854398727417
271,77,0.9998841285705566
334,73,0.9998838901519775
45,26,0.9998825788497925
45,35,0.999880313873291
45,98,0.9998798370361328
28,29,0.9998791217803955
143,7,0.9998780488967896
97,82,0.9998762607574463
45,86,0.9998730421066284
270,7,0.9998718500137329
251,110,0.999868631362915
149,103,0.9998680353164673
89,53,0.9998672008514404
41,12,0.9998669624328613
33,61,0.9998660087585449
19,77,0.9998639822006226
34,91,0.9998636245727539
231,11,0.9998619556427002
308,46,0.9998579025268555
151,11,0.9998574256896973
245,61,0.999855637550354
207,104,0.9998533725738525
107,23,0.9998527765274048
65,21,0.9998526573181152
99,42,0.9998522996902466
244,54,0.9998522996902466
40,102,0.9998494386672974
270,110,0.9998493194580078
35,7,0.9998482465744019
265,24,0.9998472929000854
62,82,0.9998470544815063
167,24,0.9998461008071899
274,108,0.9998453855514526
39,47,0.9998449087142944
245,35,0.9998433589935303
270,74,0.999842643737793
245,31,0.9998420476913452
6,54,0.9998399019241333
267,42,0.9998389482498169
326,11,0.9998340606689453
44,104,0.9998338222503662
28,102,0.9998329877853394
32,85,0.9998326301574707
285,77,0.9998306035995483
19,7,0.9998276233673096
254,11,0.9998252987861633
33,89,0.9998251795768738
28,24,0.9998247027397156
186,54,0.9998229146003723
265,54,0.999819815158844
305,42,0.9998151659965515
277,17,0.9998101592063904
216,54,0.999809205532074
171,24,0.9998078942298889
46,75,0.9998076558113098
126,21,0.999805748462677
46,82,0.999804675579071
69,75,0.9998031258583069
45,58,0.9998018145561218
39,98,0.9997993111610413
11,24,0.9997987151145935
277,38,0.999798595905304
334,9,0.9997969269752502
64,75,0.9997963309288025
173,24,0.9997958540916443
308,42,0.9997953772544861
69,110,0.999794065952301
37,103,0.9997908473014832
331,102,0.9997897744178772
46,97,0.9997863173484802
219,77,0.9997847676277161
245,65,0.9997833371162415
72,21,0.9997826218605042
228,11,0.9997825026512146
46,68,0.9997780919075012
47,71,0.9997780919075012
132,42,0.9997771382331848
86,82,0.9997760653495789
58,21,0.9997754693031311
283,11,0.9997718930244446
299,57,0.9997716546058655
277,10,0.9997666478157043
139,108,0.9997604489326477
45,50,0.9997599720954895
1,7,0.9997598528862
42,71,0.9997541308403015
308,77,0.9997478127479553
39,61,0.9997465014457703
47,75,0.9997422099113464
259,11,0.9997420907020569
44,50,0.9997380375862122
50,21,0.9997379183769226
139,74,0.9997355341911316
332,11,0.9997343420982361
33,39,0.999733030796051
23,24,0.9997319579124451
143,110,0.9997296929359436
204,42,0.9997277855873108
299,108,0.9997276663780212
202,42,0.9997267127037048
78,75,0.9997265934944153
278,54,0.9997217059135437
305,54,0.9997199177742004
92,9,0.9997196793556213
212,42,0.9997153878211975
245,69,0.9997126460075378
207,69,0.9997119307518005
278,11,0.9997101426124573
265,77,0.9997054934501648
33,17,0.9997045397758484
45,5,0.9997010231018066
112,75,0.9997005462646484
40,75,0.999699592590332
295,108,0.9996967315673828
327,39,0.9996967315673828
64,21,0.9996927976608276
27,4,0.9996858835220337
140,11,0.9996839761734009
263,24,0.9996833801269531
45,39,0.9996820688247681
310,29,0.9996819496154785
245,103,0.999679684638977
132,75,0.9996795654296875
334,41,0.9996775388717651
312,102,0.9996726512908936
27,87,0.9996708631515503
119,9,0.9996627569198608
30,54,0.9996602535247803
35,77,0.9996577501296997
70,75,0.9996567964553833
152,110,0.9996500015258789
144,54,0.9996463060379028
42,11,0.9996433258056641
45,32,0.9996423721313477
258,11,0.9996405839920044
40,53,0.9996373653411865
318,54,0.9996371269226074
109,75,0.9996358156204224
148,21,0.9996354579925537
245,32,0.9996335506439209
264,54,0.9996275901794434
147,28,0.9996247291564941
110,75,0.9996210336685181
183,24,0.999620795249939
299,110,0.9996185302734375
44,101,0.9996167421340942
33,3,0.9996153116226196
256,11,0.9996089339256287
257,11,0.9996089339256287
25,24,0.9996080994606018
71,24,0.9996063113212585
58,110,0.9996047616004944
62,21,0.9996017813682556
24,53,0.9996005892753601
167,11,0.9995952248573303
45,92,0.9995934367179871
14,24,0.9995929598808289
334,26,0.9995927214622498
334,37,0.9995858073234558
278,110,0.9995830655097961
277,107,0.999582827091217
207,83,0.9995817542076111
115,34,0.9995749592781067
101,24,0.9995728135108948
245,84,0.9995711445808411
27,74,0.9995706677436829
209,57,0.9995673298835754
122,21,0.999566376209259
252,16,0.9995661377906799
314,54,0.9995648264884949
157,110,0.9995606541633606
51,75,0.9995582699775696
308,7,0.9995567202568054
32,30,0.9995552897453308
302,24,0.9995513558387756
277,94,0.9995498061180115
31,16,0.9995496869087219
324,39,0.9995494484901428
0,110,0.9995490908622742
140,54,0.9995439648628235
98,21,0.9995433688163757
45,40,0.9995424747467041
39,89,0.9995410442352295
252,97,0.9995404481887817
32,83,0.9995386600494385
30,58,0.9995377063751221
44,26,0.9995367527008057
55,82,0.9995347261428833
33,35,0.999525785446167
15,23,0.9995248317718506
39,67,0.9995237588882446
224,39,0.9995179176330566
28,7,0.9995131492614746
201,11,0.9995113611221313
277,56,0.9995081424713135
143,108,0.9995067119598389
126,110,0.9995050430297852
209,39,0.9995044469833374
47,0,0.999503493309021
334,75,0.9995028972625732
303,42,0.9994983673095703
294,42,0.9994964599609375
79,110,0.9994955062866211
158,110,0.9994949102401733
175,39,0.9994926452636719
39,69,0.9994851350784302
184,34,0.9994813799858093
165,54,0.9994785189628601
33,93,0.9994743466377258
201,42,0.9994685053825378
93,34,0.9994677901268005
0,39,0.999467670917511
37,39,0.999467670917511
33,44,0.9994625449180603
61,21,0.9994613528251648
310,102,0.9994584918022156
334,79,0.9994531273841858
1,16,0.9994474053382874
264,77,0.9994421601295471
202,108,0.9994413256645203
334,82,0.9994403719902039
102,34,0.9994387030601501
215,11,0.9994338154792786
9,23,0.9994331002235413
32,68,0.9994331002235413
189,54,0.9994311928749084
33,38,0.9994284510612488
19,24,0.9994100332260132
67,75,0.999404788017273
10,23,0.9994031190872192
219,108,0.9994020462036133
207,78,0.9994019269943237
46,81,0.999380350112915
299,46,0.9993796348571777
322,99,0.9993775486946106
313,11,0.9993703961372375
29,91,0.999370276927948
237,1,0.9993682503700256
317,42,0.9993630051612854
277,35,0.999362051486969
19,76,0.9993510842323303
295,39,0.999344527721405
33,101,0.9993423819541931
44,99,0.9993402361869812
265,102,0.9993302822113037
47,50,0.9993301630020142
252,47,0.9993267059326172
159,24,0.9993252754211426
211,110,0.9993230104446411
95,21,0.9993215799331665
27,32,0.9993095397949219
94,110,0.9993047714233398
94,75,0.9993044137954712
41,108,0.9993014335632324
60,75,0.999298095703125
3,23,0.9992895126342773
4,23,0.9992895126342773
5,23,0.9992895126342773
8,23,0.9992895126342773
39,79,0.9992849230766296
46,84,0.9992844462394714
143,57,0.9992837309837341
105,111,0.9992794394493103
39,41,0.9992738366127014
329,11,0.9992735981941223
174,39,0.9992601275444031
47,12,0.9992508292198181
264,24,0.9992390871047974
0,108,0.9992367029190063
206,110,0.9992361068725586
79,75,0.9992358684539795
141,11,0.9992357492446899
33,94,0.9992319345474243
311,11,0.99921715259552
308,102,0.9992095232009888
279,24,0.9992081522941589
271,110,0.9991917014122009
38,111,0.9991883635520935
72,52,0.9991839528083801
138,108,0.9991751313209534
46,104,0.9991714954376221
118,82,0.9991689920425415
19,53,0.99915611743927
177,11,0.9991505146026611
202,110,0.9991433620452881
145,54,0.9991424083709717
177,42,0.9991403818130493
18,24,0.9991384744644165
39,15,0.9991151690483093
236,54,0.9991151690483093
308,16,0.9991136193275452
54,53,0.9991130232810974
245,97,0.9991069436073303
277,71,0.9991033673286438
129,75,0.9991028308868408
24,9,0.9991012811660767
38,27,0.999097466468811
235,24,0.9990954399108887
235,16,0.9990931749343872
122,53,0.9990739822387695
7,24,0.9990684390068054
88,42,0.9990647435188293
32,0,0.9990641474723816
222,21,0.9990634322166443
35,76,0.9990531802177429
80,75,0.999049723148346
223,42,0.9990471005439758
158,91,0.9990465044975281
260,24,0.999046266078949
219,57,0.9990413784980774
40,9,0.9990369081497192
36,24,0.9990313053131104
46,47,0.9990257024765015
32,6,0.9990242719650269
37,35,0.9990193843841553
46,85,0.9990177154541016
277,89,0.9990118741989136
64,111,0.9990083575248718
270,108,0.9990066885948181
252,68,0.9990031123161316
328,24,0.9990019202232361
149,1,0.9989998936653137
151,1,0.9989959597587585
26,77,0.9989783763885498
109,110,0.9989737272262573
113,75,0.9989601373672485
41,68,0.9989533424377441
72,75,0.9989522695541382
240,24,0.9989473223686218
33,14,0.9989460110664368
305,11,0.9989354014396667
44,77,0.9989261031150818
162,24,0.9989075660705566
31,39,0.9989058971405029
200,21,0.9988812804222107
312,29,0.9988808035850525
20,75,0.9988794922828674
323,54,0.9988623857498169
331,24,0.9988588094711304
236,42,0.9988583326339722
44,40,0.9988565444946289
271,21,0.9988480806350708
179,24,0.9988231062889099
75,82,0.9988194108009338
222,110,0.9988106489181519
66,75,0.9988085031509399
135,91,0.9988077878952026
219,91,0.9987988471984863
147,92,0.9987949132919312
301,21,0.9987905621528625
47,11,0.9987813830375671
33,32,0.9987736344337463
61,75,0.9987706542015076
50,75,0.9987353682518005
106,75,0.9987161159515381
33,27,0.9986782670021057
155,110,0.9986697435379028
30,26,0.9986672401428223
125,11,0.9986560344696045
12,24,0.9986534118652344
277,36,0.9986488223075867
57,82,0.9986441731452942
45,48,0.9986433386802673
19,23,0.9986322522163391
112,110,0.998615026473999
245,85,0.9986118078231812
300,39,0.9986103773117065
90,34,0.9986024498939514
60,110,0.9986009001731873
44,70,0.9985892176628113
44,36,0.9985857009887695
296,11,0.9985822439193726
111,82,0.9985744953155518
196,24,0.998563826084137
165,11,0.9985573887825012
139,91,0.9985491633415222
37,12,0.9985289573669434
245,98,0.9984896183013916
158,74,0.9984815716743469
45,31,0.99847811460495
144,11,0.9984773993492126
41,81,0.9984612464904785
248,11,0.9984413981437683
242,11,0.9984409213066101
317,110,0.9984315037727356
98,75,0.9984246492385864
241,2,0.9984242916107178
312,16,0.9984083771705627
27,99,0.9984080195426941
308,76,0.9983987212181091
47,68,0.9983868598937988
306,11,0.9983843564987183
41,65,0.9983618855476379
202,39,0.9983536005020142
135,21,0.9983512163162231
326,110,0.9983198046684265
35,104,0.9983195662498474
245,26,0.9983195662498474
160,108,0.9983152151107788
329,102,0.9983024597167969
131,34,0.998285710811615
207,96,0.9982837438583374
43,26,0.9982808828353882
168,39,0.9982568621635437
165,24,0.9982548356056213
265,110,0.9982477426528931
13,11,0.9982415437698364
82,75,0.9982280135154724
277,8,0.9982172846794128
63,75,0.9981598258018494
151,103,0.9981569647789001
325,54,0.998150646686554
310,108,0.9981414079666138
270,57,0.9981295466423035
13,54,0.9981253743171692
277,105,0.9981195330619812
308,97,0.9981158971786499
222,54,0.9981133937835693
33,15,0.9980941414833069
13,110,0.9980787038803101
252,24,0.9980771541595459
2,53,0.9980674386024475
65,75,0.9980660080909729
211,24,0.9980508089065552
219,7,0.9980499744415283
122,82,0.9980397820472717
46,18,0.9980295300483704
174,108,0.9980284571647644
38,14,0.9980199337005615
280,42,0.9980119466781616
289,77,0.9979904890060425
245,78,0.9979887008666992
310,74,0.9979813694953918
39,87,0.997977077960968
138,74,0.9979680180549622
247,91,0.9979652166366577
68,75,0.9979543685913086
82,21,0.9979509711265564
30,65,0.9979454874992371
264,21,0.9979166388511658
135,24,0.9979153275489807
139,77,0.9978970289230347
97,52,0.9978969097137451
101,23,0.9978838562965393
46,72,0.9978607296943665
84,53,0.9978228807449341
58,75,0.997815728187561
241,103,0.9978131055831909
46,46,0.9978047013282776
69,102,0.9977966547012329
283,54,0.9977849721908569
10,53,0.9977577328681946
301,24,0.9977433681488037
252,76,0.9977411031723022
31,76,0.9977407455444336
320,23,0.997734546661377
32,31,0.9977097511291504
30,85,0.9976999163627625
6,46,0.997677743434906
285,21,0.9976432919502258
160,39,0.9976229071617126
239,24,0.9976094961166382
295,42,0.9975946545600891
38,90,0.9975842237472534
155,108,0.9975801706314087
2,38,0.9975776076316833
246,11,0.9975729584693909
0,99,0.9975711703300476
82,34,0.9975699782371521
203,24,0.9975626468658447
47,65,0.9975616931915283
28,77,0.997553288936615
265,16,0.9975236058235168
110,110,0.9974383115768433
245,39,0.9974344372749329
331,16,0.9974032044410706
309,11,0.9973897337913513
39,52,0.9973800778388977
219,110,0.9973675608634949
322,110,0.9973602890968323
31,103,0.9973582625389099
246,54,0.9973382353782654
44,6,0.9973264932632446
19,104,0.9973154664039612
137,110,0.9972902536392212
198,39,0.997289776802063
143,39,0.9972836971282959
200,23,0.9972767233848572
285,7,0.9972679615020752
252,57,0.9972677230834961
143,46,0.9972546696662903
27,45,0.9972423315048218
40,91,0.9972164630889893
39,48,0.9972049593925476
43,83,0.9971925616264343
10,82,0.9971749782562256
254,42,0.9971541166305542
252,102,0.9970930814743042
235,29,0.9970314502716064
200,9,0.9969960451126099
331,77,0.9969860911369324
308,21,0.996981680393219
169,24,0.9969677329063416
277,59,0.9969292283058167
105,52,0.9969186782836914
38,64,0.9969141483306885
27,73,0.9969033598899841
42,68,0.9968968629837036
252,65,0.9968840479850769
255,16,0.996881365776062
206,108,0.9968653321266174
38,101,0.9968608617782593
202,103,0.9968560934066772
72,111,0.9968373775482178
44,4,0.9968350529670715
44,12,0.9968089461326599
34,28,0.9967899918556213
219,46,0.996767520904541
274,103,0.9967271089553833
308,29,0.9967106580734253
237,99,0.9967072606086731
29,102,0.9967020153999329
151,92,0.9966996312141418
43,104,0.9966637492179871
300,108,0.9966345429420471
96,53,0.9966256618499756
95,34,0.9966183304786682
33,109,0.9966168999671936
91,82,0.9966123700141907
62,75,0.9965965151786804
77,75,0.9965882301330566
41,99,0.9965288043022156
39,3,0.9964787364006042
64,52,0.9964740872383118
28,75,0.9964486360549927
277,3,0.9964283108711243
42,65,0.996427595615387
180,54,0.996418833732605
107,21,0.9963529109954834
22,11,0.9963020086288452
158,108,0.996254563331604
45,94,0.9962252378463745
47,82,0.9962008595466614
315,24,0.9961699843406677
52,75,0.9961547255516052
45,93,0.9961353540420532
321,110,0.9961206316947937
308,68,0.996118426322937
23,75,0.9960975050926208
310,71,0.9960657954216003
206,77,0.9960477948188782
198,54,0.9960393905639648
308,47,0.9960378408432007
147,110,0.9960277080535889
278,99,0.9960260391235352
28,82,0.9960132837295532
10,9,0.9960082769393921
93,75,0.9960000514984131
23,82,0.9959824085235596
274,2,0.9959801435470581
206,91,0.9959561228752136
195,24,0.995935320854187
277,57,0.9959063529968262
23,16,0.9958926439285278
285,110,0.9958782196044922
237,28,0.9958682060241699
200,53,0.9958357810974121
312,0,0.9958257675170898
15,110,0.9957952499389648
279,11,0.995769739151001
276,11,0.9957677125930786
299,39,0.9957615733146667
266,42,0.9957376718521118
227,11,0.9957051873207092
214,24,0.9956786036491394
255,36,0.9956781268119812
44,81,0.995662271976471
59,110,0.995612382888794
316,110,0.9955253005027771
219,39,0.9955219030380249
264,102,0.9955145716667175
277,15,0.9955085515975952
31,35,0.9954866766929626
249,39,0.9954456090927124
36,102,0.9954376816749573
232,24,0.9954226613044739
207,26,0.9953836798667908
158,7,0.9953386783599854
326,77,0.9953221678733826
308,65,0.9952948689460754
66,21,0.9952775239944458
45,60,0.9952229857444763
43,71,0.9952099919319153
274,57,0.9951987862586975
70,52,0.9951913356781006
319,39,0.995130181312561
131,21,0.9950803518295288
45,3,0.9950768351554871
238,74,0.9950658082962036
56,108,0.9950612187385559
160,42,0.9950527548789978
39,35,0.995039165019989
33,4,0.9950239658355713
200,82,0.9950194358825684
308,37,0.9950128197669983
329,16,0.995010495185852
67,52,0.9950054287910461
133,23,0.9950043559074402
37,81,0.9949900507926941
239,11,0.9949900507926941
144,42,0.9949641227722168
47,72,0.9949603080749512
39,17,0.9949546456336975
310,16,0.9949166774749756
10,102,0.9949080348014832
27,40,0.9948881268501282
202,99,0.994857907295227
45,28,0.9947852492332458
27,41,0.9947760105133057
262,24,0.9947167038917542
177,24,0.9946807026863098
325,91,0.9946603178977966
103,21,0.9946574568748474
2,5,0.9946570992469788
26,7,0.9946436882019043
139,39,0.9946327209472656
217,11,0.9946028590202332
308,50,0.9945852160453796
273,110,0.9945836663246155
34,57,0.9945481419563293
245,87,0.9945207834243774
28,16,0.9945095181465149
255,108,0.994486391544342
271,102,0.9944683313369751
208,91,0.9944530129432678
61,110,0.9944354295730591
277,69,0.9944273233413696
24,110,0.9943928718566895
44,89,0.9943406581878662
128,53,0.9943311214447021
235,77,0.9943248629570007
85,42,0.9943169951438904
47,47,0.9942983984947205
34,36,0.9942716360092163
247,11,0.994252622127533
323,11,0.9942513704299927
331,29,0.9942206144332886
317,108,0.9941830039024353
204,108,0.9941505789756775
247,77,0.9941089153289795
251,11,0.9941078424453735
314,110,0.994099497795105
25,110,0.9940523505210876
24,82,0.9940422177314758
33,60,0.9940420985221863
212,11,0.9940394163131714
156,39,0.9939747452735901
264,16,0.9939234852790833
147,100,0.9938697814941406
238,108,0.9938136339187622
46,31,0.9937799572944641
138,77,0.9937751293182373
228,110,0.9937744140625
255,75,0.9937472343444824
245,30,0.9937113523483276
270,46,0.9937006235122681
83,34,0.9936819076538086
38,52,0.9936582446098328
33,41,0.9936143755912781
95,75,0.9935821294784546
68,52,0.9935737252235413
76,52,0.993571400642395
101,21,0.993540346622467
222,77,0.993431031703949
252,50,0.9934107661247253
249,74,0.9934006929397583
178,54,0.9933666586875916
45,85,0.9933195114135742
129,52,0.9933069348335266
188,54,0.9932975172996521
334,101,0.9932329654693604
136,110,0.9932243227958679
100,52,0.9932112693786621
130,34,0.9931973218917847
277,73,0.9931941032409668
89,82,0.9931882619857788
316,54,0.9931291937828064
224,108,0.9930451512336731
45,78,0.9930235147476196
245,28,0.9930148124694824
41,47,0.9929986000061035
34,2,0.9929587841033936
312,108,0.9929084777832031
308,12,0.9928606152534485
159,42,0.9928328990936279
114,75,0.9928185939788818
30,81,0.9927849769592285
46,6,0.9927666187286377
264,46,0.9927553534507751
334,12,0.9927283525466919
7,110,0.9927008152008057
81,75,0.9926256537437439
44,67,0.9926059246063232
42,72,0.992587149143219
164,39,0.9925752878189087
53,75,0.9925372004508972
67,111,0.9925343990325928
45,100,0.9924871921539307
34,35,0.9924629926681519
191,24,0.992462158203125
236,11,0.9924432635307312
43,12,0.9924349188804626
322,39,0.9923769235610962
281,11,0.9923704862594604
265,29,0.9923592209815979
189,39,0.9923341274261475
93,21,0.9923099279403687
324,103,0.9922896027565002
225,108,0.9922592043876648
15,53,0.9922308325767517
139,7,0.9921730756759644
44,52,0.9921618103981018
326,91,0.9921568632125854
229,54,0.9921544194221497
33,100,0.9921196699142456
106,52,0.9919437170028687
42,81,0.9919406771659851
45,57,0.9919065237045288
212,110,0.9918843507766724
38,38,0.991865336894989
33,79,0.9918434023857117
51,52,0.9918413162231445
38,5,0.9918266534805298
151,105,0.991789698600769
19,65,0.9917678833007812
77,52,0.9917330741882324
131,75,0.9917293190956116
271,16,0.9916988611221313
45,66,0.9916955828666687
299,0,0.991692066192627
310,72,0.991675853729248
44,84,0.991640567779541
289,110,0.9916398525238037
138,91,0.991586446762085
76,75,0.9915857315063477
124,110,0.9915852546691895
38,40,0.9915686249732971
206,74,0.9915336966514587
22,54,0.9914901852607727
245,60,0.9913541674613953
98,110,0.9913427829742432
204,110,0.9913378953933716
42,108,0.991313636302948
32,72,0.9912809729576111
44,22,0.991268515586853
133,21,0.9912433624267578
53,52,0.9912039041519165
29,75,0.9911751747131348
301,110,0.991131603717804
229,110,0.9910571575164795
64,64,0.9910116195678711
207,80,0.9910064339637756
333,39,0.9909884333610535
241,1,0.99090975522995
255,71,0.9908863306045532
152,39,0.9908792972564697
248,99,0.9908281564712524
308,71,0.9908181428909302
163,39,0.9907259941101074
23,29,0.990718424320221
45,89,0.9906863570213318
107,82,0.9906212091445923
73,75,0.9905992150306702
255,76,0.9905775785446167
108,52,0.9905501008033752
108,111,0.9905459880828857
39,66,0.9905169606208801
252,12,0.9905145168304443
229,11,0.99050372838974
277,77,0.9904955625534058
231,42,0.9904492497444153
312,57,0.9903372526168823
310,57,0.9902940988540649
19,50,0.9902752637863159
310,37,0.9902562499046326
291,24,0.9902504682540894
151,5,0.9902353882789612
148,75,0.9902340173721313
19,9,0.9902329444885254
107,9,0.990192174911499
277,79,0.9901202917098999
122,75,0.9900767207145691
168,108,0.9900740385055542
277,9,0.9899619817733765
1,75,0.9899263381958008
45,73,0.9899002909660339
252,37,0.9898518919944763
45,68,0.9898381233215332
137,54,0.9898013472557068
100,111,0.9896987080574036
273,77,0.9896461367607117
41,104,0.9896097183227539
34,72,0.9896007180213928
277,41,0.9895392060279846
285,0,0.9894446730613708
225,39,0.9891226887702942
240,11,0.9890704154968262
87,52,0.989031970500946
224,2,0.9890128374099731
147,5,0.989008367061615
285,16,0.9889732003211975
47,84,0.9889638423919678
180,39,0.9889166355133057
28,99,0.9888880848884583
6,57,0.988827109336853
149,28,0.9887800216674805
33,28,0.988766610622406
277,63,0.9887455105781555
138,39,0.9887353777885437
21,11,0.988692045211792
269,42,0.9886815547943115
43,108,0.9886674284934998
37,32,0.9886623024940491
130,9,0.9886511564254761
108,64,0.9886414408683777
312,46,0.9886160492897034
185,54,0.9885886907577515
44,96,0.9885136485099792
147,105,0.988513171672821
245,45,0.988410472869873
292,42,0.9883834719657898
39,45,0.9883737564086914
269,108,0.9883531928062439
265,0,0.9883488416671753
290,108,0.9883484840393066
234,11,0.9882400035858154
164,74,0.9882150888442993
34,32,0.9880936741828918
201,110,0.9880539774894714
271,0,0.9879827499389648
275,39,0.9878637194633484
40,24,0.9878465533256531
117,75,0.9878454804420471
66,110,0.9878345727920532
6,74,0.9877194166183472
306,110,0.9876496195793152
28,76,0.987644612789154
34,92,0.9876425266265869
10,42,0.9875373244285583
37,0,0.9874272346496582
82,52,0.9874130487442017
310,76,0.9873738884925842
47,97,0.9873412251472473
235,75,0.9873228669166565
238,39,0.9873121976852417
27,58,0.9873117208480835
45,84,0.9873020648956299
312,36,0.9872698783874512
2,2,0.9872181415557861
252,71,0.9871928691864014
310,0,0.9871228933334351
158,57,0.9871053695678711
202,57,0.98703533411026
136,11,0.9870232343673706
113,52,0.9869886636734009
285,102,0.9868372678756714
245,73,0.986823320388794
232,91,0.9868229627609253
115,75,0.9867215156555176
204,74,0.9867201447486877
271,11,0.9866834282875061
158,39,0.9866620898246765
43,81,0.9866277575492859
140,42,0.9865912795066833
59,23,0.9865213632583618
277,6,0.9865038394927979
237,110,0.9863936305046082
327,2,0.9863510727882385
244,42,0.9863451719284058
282,39,0.9863418936729431
37,61,0.986283004283905
285,46,0.9862489104270935
37,45,0.9862304329872131
274,1,0.986200749874115
37,28,0.9861590266227722
186,39,0.9861345887184143
88,24,0.986092746257782
97,111,0.9859476089477539
42,84,0.9857341051101685
39,64,0.9857289791107178
86,52,0.9857022166252136
245,100,0.9856327772140503
32,47,0.985410213470459
241,28,0.9853811860084534
105,64,0.9853366017341614
42,104,0.9853319525718689
42,47,0.9852015376091003
32,78,0.9850021004676819
308,30,0.984943151473999
41,18,0.9848886728286743
39,43,0.9848437905311584
270,39,0.9848260879516602
45,65,0.9847697019577026
44,71,0.984733521938324
105,102,0.9847258925437927
311,110,0.9846497178077698
33,10,0.9846206903457642
174,57,0.9845966696739197
84,24,0.9845580458641052
37,50,0.9844878315925598
324,57,0.9844730496406555
44,15,0.9843670725822449
41,35,0.9842833280563354
319,108,0.984282910823822
43,40,0.9841725826263428
334,31,0.9841485619544983
290,42,0.9840824604034424
333,74,0.9839760065078735
248,39,0.9839575290679932
329,0,0.9839116930961609
34,5,0.9839035272598267
93,52,0.9838964939117432
31,57,0.9837985038757324
152,74,0.9836486577987671
45,17,0.9835626482963562
72,64,0.9835410714149475
38,42,0.9835126996040344
47,104,0.9834557175636292
30,14,0.9834001660346985
143,0,0.9833003282546997
177,91,0.9831476211547852
322,108,0.983119785785675
167,39,0.9830995798110962
28,37,0.9830743670463562
271,46,0.9830212593078613
188,39,0.9830183982849121
20,110,0.9829831123352051
101,53,0.9829581379890442
200,102,0.9829004406929016
34,75,0.9828867316246033
45,0,0.9828702807426453
20,102,0.9828675985336304
41,6,0.9828405380249023
321,108,0.9828092455863953
7,39,0.9827989935874939
27,43,0.9827749133110046
38,70,0.9827288389205933
19,0,0.9826167225837708
47,108,0.9824563264846802
151,38,0.9824506640434265
34,1,0.982384204864502
241,57,0.9823794364929199
248,24,0.9823635816574097
27,80,0.9823017120361328
21,110,0.9821932315826416
216,42,0.9820958375930786
34,45,0.9820916056632996
303,11,0.9820871949195862
165,42,0.9820653796195984
125,54,0.9820630550384521
103,75,0.9818753600120544
59,24,0.9818733930587769
199,11,0.9818646907806396
97,64,0.9818543195724487
308,57,0.9818164110183716
334,27,0.9817829728126526
252,84,0.9817523956298828
274,28,0.9817440509796143
115,52,0.9817278385162354
260,110,0.9816359281539917
2,92,0.9815894961357117
333,108,0.981562614440918
70,111,0.9815413951873779
41,26,0.9815373420715332
174,2,0.9815032482147217
114,110,0.9813636541366577
53,21,0.981262743473053
308,84,0.9812588095664978
141,39,0.9812058210372925
126,75,0.9811878800392151
44,24,0.9811534881591797
177,77,0.9809967279434204
33,73,0.9809498190879822
270,0,0.9808757305145264
90,110,0.9808295965194702
84,82,0.9807227253913879
178,39,0.9806514382362366
84,21,0.980461061000824
66,52,0.9804555177688599
202,2,0.9803072810173035
48,52,0.980301558971405
225,74,0.9800082445144653
39,86,0.9798943400382996
57,75,0.9795719981193542
65,52,0.9795650243759155
26,54,0.97945237159729
81,110,0.9794279932975769
35,65,0.9793302416801453
117,21,0.9792243838310242
218,11,0.9791383147239685
39,46,0.979136049747467
45,55,0.9791300892829895
275,108,0.9790185689926147
19,97,0.9789282083511353
120,52,0.9788632988929749
245,86,0.9788286089897156
15,9,0.9785963296890259
55,52,0.9785562753677368
209,46,0.9785519242286682
327,54,0.9784170389175415
20,111,0.9783281087875366
127,110,0.978322446346283
22,42,0.9782841801643372
277,26,0.9782760739326477
78,24,0.9782362580299377
273,91,0.9780598282814026
43,65,0.9780082106590271
255,99,0.9779632687568665
37,98,0.9778639674186707
122,24,0.9777519106864929
330,39,0.9775780439376831
52,102,0.9773773550987244
233,108,0.9773707389831543
185,39,0.9770334362983704
112,42,0.9768210649490356
309,110,0.9767788648605347
16,9,0.9766237139701843
38,3,0.9765300750732422
105,70,0.9765110611915588
264,110,0.9764270782470703
207,88,0.9763803482055664
44,64,0.9763778448104858
38,89,0.9763463735580444
254,110,0.976218581199646
41,57,0.9760939478874207
139,57,0.9760688543319702
57,42,0.9760319590568542
255,74,0.9760199189186096
35,50,0.9759743809700012
294,108,0.9759129285812378
221,42,0.9758358597755432
132,102,0.9758289456367493
33,85,0.9757974743843079
30,101,0.9756798148155212
38,79,0.9755261540412903
105,110,0.9754655957221985
252,30,0.9754219055175781
42,85,0.9753180146217346
147,106,0.9752036333084106
320,53,0.9751940965652466
222,102,0.975191056728363
284,39,0.9751771092414856
157,2,0.9751161336898804
245,80,0.975002110004425
110,52,0.9749211072921753
44,3,0.9748697280883789
308,36,0.9748122096061707
312,71,0.9748088121414185
329,29,0.9747102856636047
33,78,0.9747025370597839
27,89,0.9745643138885498
307,39,0.9745081663131714
121,52,0.9745075702667236
209,0,0.9744513034820557
133,75,0.9744105935096741
40,29,0.9743512868881226
56,39,0.9742314219474792
44,48,0.9741808772087097
119,34,0.9741762280464172
245,10,0.9740856885910034
47,85,0.9740539193153381
61,52,0.9740205407142639
44,78,0.973969578742981
75,75,0.9739548563957214
45,83,0.9739009141921997
202,28,0.9739000201225281
105,67,0.9738792181015015
47,46,0.9738321900367737
135,77,0.9737945199012756
46,26,0.9737560153007507
10,75,0.9736281633377075
38,17,0.9735272526741028
204,77,0.9734203815460205
152,99,0.9733384251594543
19,37,0.9731825590133667
147,95,0.972908079624176
126,9,0.9727603793144226
2,39,0.9727584719657898
28,71,0.9727193117141724
19,68,0.9726184010505676
265,46,0.9725946187973022
174,103,0.9725342988967896
23,53,0.9724681973457336
47,57,0.9724680781364441
45,38,0.9722227454185486
327,108,0.9722000956535339
312,68,0.9721951484680176
15,82,0.9720295071601868
151,108,0.9719638824462891
46,13,0.9718600511550903
202,77,0.9718049764633179
117,52,0.9717804193496704
323,110,0.9717126488685608
301,77,0.971572995185852
71,11,0.971532940864563
299,71,0.9713738560676575
182,39,0.9713185429573059
297,24,0.9712862372398376
30,31,0.9711154699325562
27,86,0.9709517955780029
148,111,0.9707797765731812
312,76,0.9707011580467224
313,42,0.9706363081932068
14,11,0.9703987240791321
317,39,0.9703162312507629
308,72,0.9702001810073853
231,108,0.9698777198791504
249,110,0.9697665572166443
51,111,0.9696828722953796
255,72,0.9696143865585327
278,108,0.9696062803268433
312,47,0.9695274233818054
270,72,0.9695138335227966
28,11,0.9693924784660339
264,29,0.9693071246147156
159,110,0.9692955017089844
147,57,0.9692886471748352
91,75,0.969180166721344
32,99,0.9688878655433655
108,75,0.9688218832015991
26,104,0.9687710404396057
187,39,0.9687000513076782
101,75,0.9685932993888855
47,18,0.9685131311416626
27,14,0.9685065150260925
41,97,0.9682319760322571
38,48,0.9681128859519958
325,21,0.9680263996124268
98,52,0.9679970145225525
300,74,0.9676105976104736
285,11,0.96758633852005
308,18,0.9673215746879578
135,102,0.9671209454536438
112,52,0.9670366644859314
162,11,0.9669647812843323
7,11,0.9669536352157593
233,39,0.9668983221054077
161,24,0.9668658971786499
292,108,0.96685791015625
302,110,0.9668316841125488
52,111,0.9667857885360718
42,97,0.9667423367500305
150,39,0.9666807651519775
92,110,0.9664528965950012
30,27,0.9664309620857239
107,110,0.9664299488067627
41,31,0.966356098651886
90,75,0.9662947654724121
44,41,0.9662482738494873
124,75,0.9660285115242004
299,36,0.96595698595047
237,92,0.9659398198127747
206,57,0.9659377336502075
131,52,0.965281069278717
84,75,0.9652418494224548
89,99,0.9651566743850708
100,64,0.9651191234588623
215,110,0.9650694131851196
182,54,0.9649864435195923
44,18,0.9649059772491455
334,18,0.9648727178573608
57,110,0.9646938443183899
143,72,0.9645288586616516
310,12,0.9643358588218689
280,110,0.9642168879508972
7,23,0.9640671014785767
3,38,0.9639819860458374
4,38,0.9639819860458374
5,38,0.9639819860458374
8,38,0.9639819860458374
106,34,0.963901698589325
334,4,0.963866114616394
204,39,0.963839590549469
95,52,0.963797926902771
136,54,0.9636468887329102
6,24,0.9636267423629761
9,38,0.9633145928382874
238,57,0.9631210565567017
299,47,0.9631025791168213
73,21,0.9629231691360474
290,39,0.9628625512123108
156,108,0.9621552228927612
43,4,0.9620253443717957
116,52,0.9620135426521301
334,13,0.9614438414573669
269,39,0.9613741636276245
277,75,0.9613494873046875
252,72,0.961256206035614
202,1,0.9611380100250244
20,52,0.9610550999641418
222,16,0.9610080718994141
267,110,0.9609938859939575
27,60,0.9605907797813416
264,47,0.960282564163208
37,87,0.9602348804473877
84,9,0.9600387215614319
6,72,0.9599519371986389
129,111,0.9598935842514038
271,29,0.9597576260566711
242,39,0.9597341418266296
85,52,0.9596511125564575
109,52,0.9596259593963623
151,24,0.9594361186027527
133,53,0.9591822624206543
237,57,0.9589821100234985
255,0,0.9588519334793091
38,67,0.958843469619751
151,28,0.9587305784225464
264,68,0.9587135910987854
49,52,0.9586238861083984
248,2,0.9586141109466553
31,0,0.9584851264953613
308,81,0.9583589434623718
42,18,0.9582958817481995
80,24,0.9582344889640808
173,11,0.9580148458480835
269,110,0.9579823613166809
45,13,0.9576643109321594
113,110,0.9576345086097717
121,82,0.9574608206748962
1,0,0.9573980569839478
43,3,0.9573003053665161
33,55,0.9571276307106018
46,78,0.9570117592811584
34,86,0.9568836688995361
36,58,0.9565337896347046
277,82,0.9564504623413086
304,11,0.9563987851142883
252,36,0.9561924934387207
134,42,0.956184446811676
301,102,0.9560518264770508
326,108,0.9560230374336243
200,111,0.9559502601623535
334,23,0.9559118151664734
90,99,0.9558902382850647
334,14,0.9557854533195496
43,27,0.9557623863220215
67,64,0.9552421569824219
45,4,0.9551989436149597
27,70,0.954930305480957
308,104,0.9547431468963623
269,74,0.9546899795532227
310,68,0.9544767737388611
303,54,0.9543415904045105
224,99,0.9542345404624939
60,52,0.9541609287261963
277,81,0.9538108110427856
150,108,0.953668475151062
46,83,0.9536558985710144
255,82,0.9534702897071838
48,102,0.9534322619438171
45,15,0.9533479809761047
125,99,0.9532884955406189
65,34,0.9532709717750549
312,37,0.9532312750816345
87,64,0.9531412124633789
209,103,0.9530574679374695
250,54,0.9529832005500793
308,25,0.9528911113739014
39,63,0.9528115391731262
270,71,0.9527643322944641
252,29,0.9524121284484863
64,70,0.9521317481994629
255,12,0.9520387053489685
118,75,0.9519242644309998
81,52,0.9518717527389526
277,101,0.9517652988433838
33,90,0.9516723155975342
23,23,0.9516709446907043
99,52,0.9515483975410461
218,39,0.9513441920280457
87,75,0.9511459469795227
114,52,0.9511290192604065
147,19,0.9510813355445862
286,24,0.9509614706039429
34,94,0.9508811831474304
174,1,0.9508274793624878
138,57,0.9503677487373352
308,85,0.9502767324447632
64,67,0.9501675367355347
135,16,0.9501118659973145
10,16,0.949995756149292
107,75,0.9497694373130798
28,108,0.9495968222618103
206,39,0.9495559334754944
43,84,0.9494669437408447
265,68,0.9494417309761047
118,52,0.9491788148880005
54,9,0.9489544034004211
39,51,0.9489444494247437
52,52,0.9488871097564697
327,99,0.9485393762588501
19,30,0.9480081796646118
120,82,0.947953999042511
310,46,0.9476407766342163
37,94,0.9473585486412048
127,23,0.946794867515564
308,13,0.946434736251831
104,110,0.9462143182754517
47,30,0.9460840821266174
39,34,0.9458255171775818
42,99,0.9457602500915527
201,108,0.9456114172935486
52,110,0.9455969333648682
106,110,0.945425808429718
204,91,0.945395827293396
39,44,0.9451247453689575
64,90,0.9449384808540344
145,42,0.9448919296264648
249,42,0.9445030093193054
15,24,0.9444757699966431
148,52,0.9439771771430969
325,77,0.9439034461975098
30,3,0.9434778690338135
244,110,0.9434310793876648
157,103,0.9434207677841187
127,24,0.943396806716919
209,28,0.9432883858680725
86,75,0.9430211782455444
39,109,0.9429288506507874
82,110,0.942798912525177
134,82,0.9427419304847717
211,91,0.9427273869514465
23,77,0.9424052238464355
63,24,0.9421823024749756
100,75,0.942054271697998
159,54,0.9420373439788818
271,57,0.9419867992401123
204,57,0.94198077917099
310,47,0.9417375326156616
265,76,0.941724419593811
206,7,0.9413596987724304
27,15,0.9412716031074524
19,84,0.9411577582359314
27,101,0.9410790205001831
31,28,0.9408889412879944
264,97,0.9408293962478638
46,57,0.9404529333114624
254,108,0.9404147863388062
265,47,0.9403865337371826
108,99,0.9399920105934143
264,76,0.9399796724319458
41,53,0.9399464130401611
46,22,0.9399451017379761
6,0,0.9395160675048828
119,52,0.9393517971038818
111,75,0.9392684102058411
132,52,0.9391942620277405
43,31,0.9389657378196716
64,58,0.9386503100395203
38,92,0.9385900497436523
134,75,0.9385775327682495
106,21,0.9384825825691223
65,110,0.9384170770645142
42,26,0.9382304549217224
290,110,0.9380790591239929
94,52,0.937777578830719
174,28,0.9377599954605103
252,104,0.93745356798172
271,47,0.9374191761016846
6,47,0.9373684525489807
37,86,0.9371376633644104
38,15,0.9370004534721375
252,21,0.9368658661842346
252,18,0.9368101954460144
277,37,0.9367856383323669
228,108,0.9366657733917236
43,35,0.9364393949508667
44,98,0.9362689852714539
28,12,0.9362316131591797
32,4,0.936033308506012
200,42,0.9359943866729736
292,110,0.9358682036399841
72,67,0.9358534216880798
189,108,0.93560391664505
105,90,0.9355264902114868
6,71,0.9350180625915527
198,108,0.9347561001777649
237,105,0.93455970287323
49,99,0.9344372749328613
235,104,0.9341344833374023
256,110,0.9340114593505859
257,110,0.9340114593505859
267,77,0.9340043663978577
203,11,0.9336265325546265
186,108,0.9336225390434265
271,68,0.9334368109703064
278,39,0.9333997368812561
42,6,0.9333792924880981
242,108,0.9332224726676941
312,74,0.9330543875694275
310,35,0.9328979253768921
127,53,0.9326592683792114
300,110,0.9324379563331604
51,110,0.932130753993988
165,110,0.9320497512817383
46,53,0.9316879510879517
290,74,0.931353747844696
39,32,0.9305508732795715
331,0,0.9305183291435242
170,24,0.9303829669952393
34,73,0.9300835728645325
314,108,0.9300475120544434
34,100,0.9299891591072083
245,1,0.9299620985984802
103,42,0.929572582244873
30,18,0.9295680522918701
255,57,0.9294958710670471
33,63,0.9294769763946533
30,78,0.928945779800415
299,103,0.928870677947998
42,35,0.9287002086639404
141,108,0.9283100366592407
306,91,0.9281895756721497
55,75,0.9281322956085205
33,104,0.9279661774635315
111,52,0.9278721213340759
83,52,0.9277017712593079
28,50,0.9273899793624878
292,39,0.9273449778556824
73,52,0.9271466732025146
329,46,0.9270901083946228
143,36,0.9265365600585938
64,110,0.9264880418777466
237,100,0.9256746172904968
105,104,0.9254615306854248
32,35,0.9251102209091187
3,2,0.9251066446304321
4,2,0.9251066446304321
5,2,0.9251066446304321
8,2,0.9251066446304321
207,35,0.9248794913291931
41,30,0.9248349070549011
149,105,0.9244680404663086
252,13,0.9240834712982178
163,108,0.9240262508392334
241,99,0.9239196181297302
6,7,0.9238824844360352
270,47,0.923816442489624
129,64,0.9238101243972778
219,103,0.9237090349197388
2,105,0.9230154156684875
35,37,0.9230151176452637
264,57,0.9230092167854309
307,110,0.9226123094558716
166,24,0.9224504828453064
200,104,0.9224494695663452
67,67,0.9223610162734985
259,39,0.9222056865692139
43,98,0.9221922159194946
68,64,0.9220607280731201
42,30,0.921960711479187
50,42,0.921623706817627
139,99,0.9215111136436462
126,24,0.921441376209259
34,87,0.9214410781860352
200,22,0.9211358428001404
30,11,0.9209288358688354
49,64,0.920650064945221
37,18,0.9204353094100952
143,71,0.9201706647872925
282,110,0.919792115688324
183,39,0.9192764163017273
255,68,0.9187330603599548
143,47,0.9186157584190369
35,0,0.9185855984687805
285,47,0.9185853600502014
42,57,0.9184296131134033
31,81,0.9182101488113403
198,110,0.9180842041969299
70,64,0.9178234338760376
315,110,0.9178156852722168
42,31,0.9177217483520508
197,11,0.9176139235496521
42,53,0.917544960975647
299,28,0.9174912571907043
279,39,0.9174821376800537
255,50,0.9174094796180725
102,53,0.9173886179924011
45,47,0.9172837138175964
79,52,0.9171983599662781
184,21,0.9171930551528931
6,91,0.9171925187110901
313,108,0.9171184301376343
9,2,0.9167365431785583
77,64,0.9166241884231567
27,10,0.9166072607040405
207,61,0.916296660900116
331,75,0.9162147045135498
47,31,0.9153696894645691
51,64,0.9151926040649414
19,85,0.9149085283279419
311,108,0.9149033427238464
105,14,0.9148678183555603
243,11,0.9141831994056702
277,27,0.913927435874939
39,25,0.9138307571411133
69,52,0.9136675000190735
105,27,0.9135775566101074
280,77,0.9135723114013672
47,6,0.913565993309021
158,46,0.9135182499885559
41,9,0.9131316542625427
9,39,0.9130668640136719
255,35,0.912651002407074
37,47,0.912614643573761
44,97,0.9122462868690491
219,28,0.9119370579719543
74,110,0.9118921160697937
64,27,0.9117919206619263
0,2,0.911782443523407
265,97,0.9115932583808899
200,16,0.9114065766334534
3,39,0.9112069010734558
4,39,0.9112069010734558
5,39,0.9112069010734558
8,39,0.9112069010734558
310,75,0.9108079075813293
301,16,0.9104348421096802
43,45,0.9103730916976929
74,75,0.9100978970527649
331,54,0.9098570346832275
28,72,0.9097692966461182
215,108,0.9085025191307068
36,11,0.9079563617706299
88,23,0.907950758934021
133,11,0.9078876972198486
29,82,0.9078086018562317
308,54,0.9075325131416321
39,60,0.9071857929229736
138,7,0.9068511724472046
305,108,0.9066320061683655
47,35,0.9061601161956787
242,74,0.9057760834693909
181,88,0.9056078195571899
264,65,0.9047759771347046
232,77,0.904212474822998
147,38,0.9036983847618103
253,11,0.9034637808799744
219,72,0.9034029841423035
299,68,0.9032994508743286
216,108,0.9032927751541138
310,50,0.9032394886016846
139,103,0.9032006859779358
45,104,0.9030588269233704
30,52,0.9030554890632629
241,110,0.9024725556373596
310,39,0.9022729992866516
30,40,0.9021900296211243
200,29,0.9016868472099304
321,39,0.9011614918708801
308,51,0.9011440873146057
285,68,0.9004796147346497
266,110,0.9002582430839539
240,46,0.8999512195587158
83,75,0.8998053073883057
20,70,0.8997759222984314
147,55,0.8996949195861816
200,51,0.8992716073989868
39,73,0.8991951942443848
247,7,0.8987670540809631
283,110,0.8985035419464111
312,12,0.8982282876968384
45,106,0.8981950283050537
187,54,0.8980711698532104
10,104,0.8980504870414734
274,110,0.8977987766265869
202,91,0.8976361155509949
151,19,0.897624135017395
28,9,0.8971907496452332
70,67,0.8971198797225952
184,88,0.8969792127609253
245,44,0.8968296051025391
180,108,0.8967981934547424
233,110,0.8965583443641663
259,108,0.8959996700286865
147,49,0.8959901332855225
44,43,0.8958861231803894
33,106,0.8957563638687134
50,52,0.895736575126648
245,106,0.8956761360168457
299,35,0.8955537676811218
324,2,0.8955023884773254
64,14,0.8948954939842224
179,110,0.8947280645370483
318,42,0.8946210741996765
33,96,0.894008219242096
231,39,0.8939065933227539
149,38,0.8933605551719666
283,39,0.8927837014198303
329,57,0.8925736546516418
148,102,0.8919581770896912
283,108,0.8918057084083557
35,68,0.8917205929756165
93,110,0.8917177319526672
308,24,0.8915942311286926
43,70,0.8907369375228882
7,38,0.8902992606163025
94,42,0.8902151584625244
267,108,0.8900225758552551
245,96,0.8898634314537048
329,68,0.8892480134963989
306,77,0.889194905757904
290,77,0.8889116644859314
218,2,0.8883801102638245
157,28,0.888372004032135
265,65,0.8883423805236816
95,110,0.8882631659507751
92,75,0.8880453705787659
238,77,0.8879866003990173
308,31,0.887670636177063
258,110,0.8875952959060669
165,39,0.8870245218276978
52,64,0.8865108489990234
39,10,0.8862664699554443
237,5,0.8860248923301697
206,46,0.8857115507125854
201,77,0.885066568851471
43,78,0.8850337266921997
45,101,0.8849226236343384
31,68,0.8848271369934082
280,39,0.884591817855835
326,7,0.8845824599266052
151,95,0.8845722079277039
27,94,0.8845706582069397
246,39,0.8843622207641602
134,9,0.8837961554527283
140,108,0.8837137818336487
67,70,0.8836252689361572
56,77,0.8836100101470947
28,81,0.8835943341255188
329,47,0.8830717206001282
28,0,0.8830322027206421
331,104,0.8828167915344238
160,77,0.8828026652336121
32,11,0.8826825618743896
300,2,0.8823431730270386
228,77,0.8818514347076416
232,110,0.8815703392028809
131,110,0.8807986378669739
310,81,0.8807458281517029
209,36,0.8806467652320862
238,46,0.880638837814331
20,67,0.8799158334732056
37,5,0.8798278570175171
224,1,0.8793765902519226
245,94,0.8793435096740723
74,52,0.879266619682312
143,103,0.8790332078933716
100,67,0.8789041042327881
44,68,0.8787060976028442
139,28,0.8786822557449341
306,108,0.8786259889602661
153,54,0.8778271079063416
218,24,0.8776761889457703
269,77,0.8775026798248291
271,108,0.8769598603248596
237,95,0.8767600655555725
43,48,0.8763885498046875
148,110,0.8763071298599243
244,108,0.876266360282898
21,108,0.8760339021682739
255,81,0.8751464486122131
47,26,0.874975323677063
245,104,0.8748806715011597
175,108,0.8747931122779846
41,78,0.8747859001159668
31,73,0.8741437792778015
28,68,0.8740453124046326
33,2,0.8739669322967529
125,108,0.8739404082298279
196,110,0.8736274838447571
81,21,0.8730884194374084
31,50,0.8730785846710205
69,104,0.8729703426361084
199,24,0.8728582859039307
152,103,0.872172474861145
23,7,0.8721480965614319
6,68,0.8714627623558044
252,88,0.8712253570556641
35,97,0.8710312247276306
294,39,0.8708522319793701
31,26,0.8707278966903687
219,47,0.8705325126647949
264,50,0.8703433871269226
7,2,0.8696975111961365
38,4,0.8696850538253784
39,88,0.8695023059844971
16,52,0.8694286942481995
34,60,0.8692444562911987
317,74,0.8692402243614197
156,74,0.868726909160614
32,70,0.8682676553726196
151,106,0.868039071559906
270,68,0.8679923415184021
6,108,0.8679704666137695
147,32,0.8678613305091858
28,23,0.8677520155906677
247,108,0.8676210641860962
330,110,0.8675892949104309
117,110,0.8674877285957336
188,108,0.8672321438789368
277,14,0.8671002388000488
39,93,0.8669344186782837
252,81,0.866635262966156
224,103,0.8662320971488953
25,11,0.8662145733833313
34,98,0.8650478720664978
19,47,0.8649698495864868
30,43,0.8645650744438171
167,108,0.8643787503242493
252,85,0.8643487095832825
178,108,0.8639554381370544
316,77,0.8637623190879822
115,21,0.8636810779571533
97,75,0.8634585738182068
164,57,0.863183319568634
177,0,0.8628751039505005
177,46,0.8625167608261108
30,111,0.8624186515808105
270,35,0.8620300889015198
90,52,0.8616189360618591
51,67,0.8608858585357666
23,104,0.8608241081237793
222,0,0.8607707023620605
245,93,0.8605566620826721
91,21,0.8603101372718811
32,13,0.8601304292678833
43,30,0.8600678443908691
89,75,0.8600468635559082
76,64,0.8596861958503723
308,22,0.8596160411834717
88,53,0.8591341972351074
19,12,0.8589862585067749
45,1,0.858851432800293
308,80,0.8588362336158752
158,0,0.8587170243263245
297,110,0.8584368228912354
255,47,0.8580988645553589
36,54,0.8577960729598999
200,83,0.8576799035072327
75,52,0.857463002204895
151,49,0.8573945760726929
209,35,0.8572093844413757
240,57,0.8571012616157532
148,64,0.8567932844161987
228,91,0.8564798831939697
199,39,0.8558392524719238
298,11,0.8557501435279846
6,12,0.8557236194610596
236,108,0.8557152152061462
35,84,0.8555657267570496
332,108,0.8552252054214478
279,108,0.8552022576332092
235,0,0.855017900466919
49,82,0.8549978733062744
70,110,0.8549340963363647
100,21,0.8545679450035095
293,54,0.8538244366645813
52,70,0.8534052968025208
309,108,0.8533948659896851
33,70,0.8533353209495544
151,100,0.8532578945159912
27,48,0.852759063243866
147,62,0.8526376485824585
32,43,0.8524143695831299
35,85,0.8519148826599121
290,57,0.8518892526626587
45,2,0.8516532182693481
269,57,0.8510445952415466
264,37,0.8496565222740173
275,74,0.8488832116127014
64,101,0.848850667476654
179,88,0.8486973643302917
30,0,0.8484996557235718
52,67,0.8483051657676697
72,70,0.8478553295135498
41,23,0.8476142883300781
35,30,0.8471342325210571
30,89,0.8469940423965454
116,82,0.8468564748764038
33,84,0.8467846512794495
265,50,0.8466451168060303
204,46,0.8459471464157104
277,78,0.8459169268608093
20,58,0.8457712531089783
248,108,0.8455624580383301
52,104,0.8451333045959473
44,45,0.8451145887374878
249,57,0.8450709581375122
271,76,0.8449203372001648
119,75,0.8448103666305542
277,4,0.8447639346122742
185,108,0.8445062637329102
202,35,0.8444371223449707
202,32,0.8444135785102844
153,108,0.8441815972328186
106,64,0.8441290259361267
246,108,0.8439372777938843
312,50,0.8438354730606079
2,64,0.8434742093086243
143,28,0.8432227969169617
28,65,0.8431569337844849
165,108,0.8429399728775024
247,46,0.8427188396453857
250,110,0.8419659733772278
245,95,0.8418745398521423
30,96,0.8417301177978516
105,101,0.8411470651626587
43,18,0.8409446477890015
237,106,0.8406566977500916
31,94,0.8405417203903198
7,108,0.8403456807136536
174,46,0.8400180339813232
271,36,0.8397893309593201
264,36,0.8397638201713562
28,35,0.8384433388710022
19,36,0.8383793234825134
2,52,0.8382024765014648
43,94,0.8377506136894226
55,64,0.8374693393707275
40,104,0.8367196917533875
318,110,0.8359098434448242
270,103,0.8358196020126343
302,39,0.8358169198036194
1,108,0.8353577852249146
134,24,0.8353438973426819
285,57,0.8350034356117249
274,77,0.834973156452179
270,28,0.8345001935958862
37,84,0.8342161178588867
143,68,0.8339985013008118
144,108,0.8338940143585205
235,53,0.8336969017982483
48,64,0.8332695364952087
273,39,0.8331035375595093
225,57,0.8330921530723572
20,27,0.8330471515655518
29,77,0.8326835632324219
273,57,0.8320889472961426
86,64,0.8320022821426392
200,30,0.8312244415283203
314,39,0.831139862537384
240,108,0.8305264711380005
156,2,0.8303537964820862
334,96,0.8301352262496948
148,70,0.829829216003418
44,87,0.8293499946594238
15,21,0.829292356967926
333,2,0.829153835773468
296,108,0.8285233974456787
105,58,0.8279333114624023
274,46,0.8274357914924622
10,91,0.8274328112602234
129,110,0.8271756768226624
331,76,0.8270423412322998
319,2,0.8267112970352173
232,21,0.8266604542732239
183,88,0.826491117477417
20,14,0.8261034488677979
148,67,0.825487494468689
265,57,0.8251771330833435
244,39,0.8250000476837158
97,67,0.8245830535888672
6,97,0.82442307472229
58,24,0.8243619799613953
277,23,0.824341893196106
28,26,0.8242911100387573
70,70,0.8240500688552856
238,42,0.8240100145339966
28,53,0.8238747119903564
177,110,0.8238199949264526
264,12,0.8237579464912415
258,39,0.8235487341880798
165,74,0.8233587741851807
248,103,0.823298990726471
6,36,0.8224368095397949
239,39,0.8223778009414673
311,77,0.8219399452209473
39,99,0.8219255805015564
124,52,0.8216586112976074
89,52,0.8214073181152344
44,38,0.8213549852371216
54,21,0.8208941221237183
200,52,0.8198568224906921
36,3,0.8197534680366516
252,80,0.8193471431732178
3,3,0.8191611766815186
4,3,0.8191611766815186
5,3,0.8191611766815186
8,3,0.8191611766815186
331,68,0.8188586831092834
129,67,0.8187108635902405
105,22,0.8185848593711853
70,104,0.8178410530090332
20,90,0.8172701597213745
43,87,0.8170732855796814
187,88,0.816494882106781
316,11,0.8161661624908447
250,39,0.8161213994026184
45,63,0.8157069683074951
43,68,0.8156954646110535
34,10,0.8156113028526306
277,31,0.8154715895652771
240,39,0.8152567744255066
184,53,0.814242959022522
108,67,0.8140662908554077
13,108,0.8126722574234009
77,21,0.8125998973846436
27,27,0.8123034834861755
209,72,0.8114784359931946
311,91,0.8113203644752502
265,104,0.8112518787384033
154,39,0.810540497303009
285,97,0.8098804950714111
53,64,0.8093754649162292
211,75,0.8093398809432983
181,39,0.8093235492706299
245,75,0.8088468313217163
34,38,0.8084622025489807
57,52,0.8082227110862732
89,110,0.8080680966377258
200,75,0.8066167235374451
264,71,0.806207537651062
37,60,0.8053392767906189
145,110,0.8050251603126526
200,97,0.8047246932983398
37,3,0.8046097159385681
259,110,0.804500937461853
265,36,0.804489016532898
277,12,0.8034025430679321
34,93,0.8031043410301208
28,84,0.8030812740325928
265,37,0.8028624057769775
297,21,0.8027306795120239
20,104,0.8027291297912598
310,99,0.8026220798492432
264,84,0.8025927543640137
118,110,0.80231773853302
224,28,0.8022246360778809
10,22,0.802185595035553
46,35,0.8020317554473877
39,94,0.801764726638794
234,54,0.8013640642166138
147,94,0.8011985421180725
177,51,0.8010092377662659
154,108,0.8004316091537476
312,65,0.8002104163169861
135,0,0.7997384071350098
288,24,0.7995641231536865
296,39,0.7988506555557251
69,16,0.7985127568244934
123,52,0.7983564734458923
65,64,0.7983208894729614
271,97,0.7981865406036377
289,108,0.7977837920188904
248,1,0.7971523404121399
31,61,0.7969913482666016
208,75,0.796576201915741
105,42,0.7961984872817993
152,2,0.7961977124214172
255,65,0.795782744884491
308,6,0.795417308807373
160,57,0.7949641346931458
226,24,0.7943612933158875
38,66,0.7933323979377747
151,62,0.7930554151535034
168,2,0.7927986979484558
36,38,0.7925902605056763
182,88,0.7924640774726868
42,9,0.7919961214065552
248,110,0.7918021082878113
182,108,0.7917786240577698
282,74,0.7914717197418213
58,99,0.7903927564620972
292,77,0.790385901927948
1,76,0.790377140045166
185,88,0.7898663282394409
130,52,0.789675772190094
304,42,0.7895182967185974
43,17,0.7890132069587708
202,72,0.7887465357780457
30,22,0.7887193560600281
331,97,0.7885794043540955
200,65,0.788571834564209
3,105,0.7882125973701477
4,105,0.7882125973701477
5,105,0.7882125973701477
8,105,0.7882125973701477
248,5,0.7868018746376038
28,6,0.7863307595252991
20,101,0.78618323802948
247,57,0.7852530479431152
67,104,0.7848482728004456
318,108,0.7848243713378906
310,65,0.7846881151199341
331,65,0.783918023109436
233,74,0.7830159664154053
37,78,0.7827209234237671
206,0,0.782105028629303
245,2,0.7817197442054749
28,104,0.781570553779602
6,77,0.7815526127815247
100,70,0.7814491391181946
22,108,0.7812525033950806
92,52,0.7810036540031433
51,70,0.7810013294219971
208,54,0.779486894607544
38,94,0.779476523399353
240,74,0.7793357372283936
208,102,0.7792702913284302
25,54,0.7792097330093384
108,38,0.7790058255195618
267,91,0.7787317037582397
42,78,0.7787126898765564
42,23,0.7784848809242249
219,35,0.7783677577972412
1,68,0.777618944644928
145,108,0.777462363243103
96,52,0.7772705554962158
323,108,0.7771475315093994
28,47,0.7770097255706787
152,28,0.7764317393302917
270,16,0.7764089703559875
28,85,0.7763569355010986
200,90,0.7763398289680481
333,57,0.7762303352355957
51,104,0.7761163711547852
225,110,0.7757037878036499
215,39,0.7756855487823486
299,80,0.775682270526886
188,88,0.7752426862716675
43,41,0.7752342224121094
36,108,0.774813175201416
284,110,0.7747403979301453
237,19,0.7739977836608887
242,2,0.7739059925079346
148,90,0.7733848094940186
256,39,0.7722582221031189
257,39,0.7722582221031189
37,65,0.7721893787384033
10,110,0.7719710469245911
6,37,0.7718502283096313
332,39,0.7718254327774048
209,47,0.7716103792190552
33,1,0.7710927128791809
6,13,0.7703313231468201
33,59,0.7699325680732727
9,105,0.7696682214736938
0,74,0.7692110538482666
24,24,0.7687309980392456
148,104,0.7685608267784119
289,0,0.7681900262832642
108,90,0.7677947878837585
27,67,0.7675816416740417
264,104,0.7674695253372192
255,84,0.7669466733932495
200,70,0.7667046785354614
36,91,0.7666822671890259
20,22,0.7665985822677612
175,2,0.7660302519798279
266,11,0.7658417820930481
6,69,0.765681803226471
6,18,0.7652221918106079
200,67,0.7641294002532959
116,34,0.7628425359725952
200,14,0.7627646923065186
238,110,0.7623053789138794
43,38,0.7612326741218567
261,24,0.7606310844421387
148,14,0.7600321173667908
67,110,0.7599117159843445
30,90,0.7598777413368225
145,39,0.7594951391220093
47,78,0.7594230771064758
326,39,0.7590349316596985
249,77,0.7589877247810364
276,108,0.7589231729507446
28,18,0.7589067220687866
287,11,0.7588371634483337
43,72,0.758206307888031
265,84,0.7578644752502441
239,99,0.7573201656341553
108,70,0.7573150396347046
1,104,0.7565956711769104
43,5,0.7565110921859741
132,104,0.7555097341537476
48,111,0.7553592920303345
187,108,0.7551007270812988
82,64,0.7546883225440979
43,43,0.7546792030334473
88,75,0.7545232176780701
101,9,0.7542007565498352
248,105,0.7540546655654907
150,110,0.7534156441688538
52,22,0.7534118890762329
310,84,0.7529653906822205
2,103,0.7524470686912537
274,99,0.7515254020690918
9,3,0.7507771253585815
229,108,0.7503932118415833
273,74,0.7500230669975281
219,36,0.7500215768814087
