disease,SnoRNA,Score
34,73,0.9999999939166344
11,73,0.9999999939166344
11,331,0.9999999909419
11,313,0.9999999675118532
11,215,0.999999958906607
42,289,0.9999999543651152
54,289,0.9999999543651152
42,117,0.9999999254638896
34,117,0.9999999254638896
54,117,0.9999999254638896
11,117,0.9999999254638896
42,118,0.9999999201171044
34,118,0.9999999201171044
54,118,0.9999999201171044
11,118,0.9999999201171044
11,133,0.9999998330326324
34,133,0.9999998330326324
11,235,0.9999998272482749
54,235,0.9999998272482749
42,235,0.9999998272482749
82,118,0.9999997727412904
110,118,0.9999997727412904
110,117,0.9999997727412904
54,115,0.9999997330454536
34,115,0.9999997330454536
11,66,0.9999997330454536
42,115,0.9999997330454536
34,66,0.9999997330454536
54,66,0.9999997330454536
11,115,0.9999997330454536
42,66,0.9999997330454536
11,53,0.9999997330454536
54,53,0.9999997330454536
34,53,0.9999997330454536
42,53,0.9999997330454536
34,114,0.9999995742129684
11,309,0.9999995068572884
110,55,0.9999993816734456
23,201,0.9999993353582928
11,34,0.9999992493217283
54,63,0.9999992493217283
54,44,0.9999992493217283
54,46,0.9999992493217283
11,33,0.9999992493217283
54,37,0.9999992493217283
11,39,0.9999992493217283
34,61,0.9999992493217283
11,63,0.9999992493217283
11,42,0.9999992493217283
54,39,0.9999992493217283
11,32,0.9999992493217283
42,61,0.9999992493217283
42,34,0.9999992493217283
54,61,0.9999992493217283
42,46,0.9999992493217283
11,45,0.9999992493217283
11,37,0.9999992493217283
54,31,0.9999992493217283
11,41,0.9999992493217283
11,44,0.9999992493217283
54,30,0.9999992493217283
34,47,0.9999992493217283
11,47,0.9999992493217283
42,329,0.9999992493217283
54,34,0.9999992493217283
11,312,0.9999992493217283
11,30,0.9999992493217283
11,329,0.9999992493217283
54,329,0.9999992493217283
34,42,0.9999992493217283
34,39,0.9999992493217283
42,39,0.9999992493217283
54,41,0.9999992493217283
11,61,0.9999992493217283
11,46,0.9999992493217283
54,33,0.9999992493217283
11,56,0.9999992025885188
54,80,0.99999919923648
11,79,0.99999919923648
34,80,0.99999919923648
11,80,0.99999919923648
54,109,0.99999919923648
11,109,0.99999919923648
34,79,0.99999919923648
54,79,0.99999919923648
34,109,0.99999919923648
53,66,0.9999991821868022
110,66,0.9999991821868022
110,115,0.9999991821868022
82,53,0.9999991821868022
110,53,0.9999991821868022
82,115,0.9999991821868022
9,117,0.9999990392172386
24,221,0.9999989032842016
34,122,0.9999985797623212
23,122,0.9999985797623212
34,111,0.9999985797623212
34,106,0.9999985797623212
53,73,0.9999984175254516
23,54,0.9999983939746426
24,19,0.999998373223667
11,245,0.9999983722923328
11,310,0.9999983722923328
42,245,0.9999983722923328
23,119,0.999998344879686
54,304,0.9999983399328002
11,223,0.999998127150726
54,82,0.9999978051949756
11,82,0.9999978051949756
42,82,0.9999978051949756
34,82,0.9999978051949756
23,253,0.9999976963228135
11,299,0.9999976817292932
110,206,0.9999976076919322
110,109,0.999997543148698
53,109,0.999997543148698
53,312,0.9999974803277412
82,37,0.9999974803277412
82,41,0.9999974803277412
53,46,0.9999974803277412
82,30,0.9999974803277412
53,37,0.9999974803277412
82,44,0.9999974803277412
110,41,0.9999974803277412
82,39,0.9999974803277412
110,30,0.9999974803277412
110,42,0.9999974803277412
53,41,0.9999974803277412
53,33,0.9999974803277412
82,33,0.9999974803277412
53,31,0.9999974803277412
82,312,0.9999974803277412
110,63,0.9999974803277412
53,32,0.9999974803277412
53,30,0.9999974803277412
110,44,0.9999974803277412
110,37,0.9999974803277412
82,46,0.9999974803277412
53,42,0.9999974803277412
110,32,0.9999974803277412
110,31,0.9999974803277412
82,42,0.9999974803277412
82,45,0.9999974803277412
110,45,0.9999974803277412
53,39,0.9999974803277412
110,39,0.9999974803277412
110,312,0.9999974803277412
82,31,0.9999974803277412
110,46,0.9999974803277412
110,33,0.9999974803277412
53,44,0.9999974803277412
53,45,0.9999974803277412
82,34,0.9999974803277412
53,34,0.9999974803277412
110,61,0.9999974803277412
110,34,0.9999974803277412
54,169,0.999997204114409
24,56,0.9999971765245806
23,246,0.9999971234658602
23,88,0.9999970814711882
23,205,0.9999970814711882
23,218,0.9999970792748922
11,93,0.9999970452830186
34,93,0.9999970452830186
54,93,0.9999970452830186
42,93,0.9999970452830186
42,277,0.9999970409880888
54,277,0.9999970409880888
11,277,0.9999970409880888
54,103,0.9999970409880888
42,103,0.9999970409880888
11,103,0.9999970409880888
34,138,0.9999968224199028
11,138,0.9999968224199028
81,46,0.9999966984644052
81,41,0.9999966984644052
34,125,0.9999965866161148
11,15,0.999996515583502
42,72,0.9999964649049315
11,316,0.999996384259242
54,316,0.999996384259242
23,271,0.9999961876705794
34,94,0.9999961504847696
23,234,0.9999961168467144
54,73,0.9999958387356404
11,240,0.9999957329578956
9,131,0.9999957237344586
71,41,0.9999957054000888
11,139,0.9999954629029226
11,134,0.9999953197979646
23,131,0.9999952186182984
110,264,0.9999951932197844
23,211,0.9999950208173009
110,15,0.9999947652265224
54,331,0.9999946304815548
11,135,0.9999945509251896
9,55,0.9999941710843684
82,55,0.9999941710843684
53,82,0.9999940726076324
110,82,0.9999940726076324
81,37,0.999994014475958
18,46,0.9999937968476428
53,235,0.999993692668004
110,235,0.999993692668004
23,58,0.9999934945915242
42,98,0.9999934671597848
34,98,0.9999934671597848
11,98,0.9999934671597848
54,98,0.9999934671597848
11,62,0.999993331647103
54,62,0.999993331647103
34,62,0.999993331647103
91,34,0.9999933079994808
110,10,0.9999932013264294
11,207,0.9999929664285012
81,30,0.999992504158942
11,228,0.9999924741558603
11,19,0.9999922384276734
23,265,0.9999922102299306
42,160,0.9999920675192816
23,70,0.9999918394208196
23,57,0.9999917826970388
91,147,0.9999917794396944
110,29,0.9999917150873788
23,105,0.9999912736253596
91,290,0.9999908520671372
24,218,0.9999907361884006
42,252,0.999990700041275
23,10,0.999990627939618
82,299,0.999990535591853
110,299,0.999990535591853
53,299,0.999990535591853
82,114,0.999990453643945
54,114,0.999990453643945
11,114,0.999990453643945
42,114,0.999990453643945
9,114,0.999990453643945
110,280,0.999990340386971
53,280,0.999990340386971
82,280,0.999990340386971
54,255,0.9999903198728124
42,255,0.9999903198728124
11,255,0.9999903198728124
34,99,0.999990275689618
23,113,0.999990275689618
34,113,0.999990275689618
110,93,0.9999902363955944
42,143,0.999990150569674
54,94,0.9999899343372688
42,94,0.9999899343372688
9,94,0.9999899343372688
11,94,0.9999899343372688
23,112,0.9999895416620722
34,78,0.9999893336847604
11,78,0.9999893336847604
42,324,0.9999893336847604
11,324,0.9999893336847604
34,85,0.9999893336847604
42,85,0.9999893336847604
54,85,0.9999893336847604
11,85,0.9999893336847604
11,43,0.9999893336847604
54,43,0.9999893336847604
11,334,0.9999893336847604
54,78,0.9999893336847604
23,32,0.999989246911886
9,32,0.999989246911886
23,46,0.999989246911886
9,46,0.999989246911886
9,42,0.999989246911886
23,37,0.999989246911886
9,39,0.999989246911886
23,30,0.999989246911886
9,30,0.999989246911886
23,45,0.999989246911886
9,45,0.999989246911886
9,37,0.999989246911886
23,34,0.999989246911886
9,34,0.999989246911886
9,41,0.999989246911886
9,44,0.999989246911886
23,44,0.999989246911886
23,39,0.999989246911886
23,42,0.999989246911886
9,33,0.999989246911886
23,63,0.999989246911886
23,31,0.999989246911886
9,31,0.999989246911886
23,41,0.999989246911886
23,216,0.9999889492464048
11,273,0.999987767795008
23,132,0.9999875274037232
11,123,0.9999874393296578
42,112,0.9999872333701272
110,6,0.9999864856408026
37,39,0.9999854182026174
110,19,0.9999847537549156
23,264,0.9999843652212697
110,4,0.9999841199238048
110,3,0.9999841199238048
110,5,0.9999841199238048
110,9,0.9999841199238048
23,6,0.9999840783360504
23,108,0.9999839160080276
11,141,0.9999835864845404
42,141,0.9999835864845404
82,289,0.9999827503364954
110,289,0.9999827503364954
53,289,0.9999827503364954
110,151,0.9999826768885084
11,306,0.9999816583582642
91,2,0.9999811368008696
23,303,0.9974690899460844
23,243,0.9974690899460844
23,197,0.9974690899460844
54,153,0.9974654492142576
110,98,0.9974421025128448
42,242,0.997385362685198
11,242,0.997385362685198
110,8,0.9973778459742064
110,165,0.9973436043139852
54,12,0.9973374155149488
24,135,0.9973350936242188
34,322,0.9972637974097864
42,198,0.9972547260966136
23,289,0.9972344377380424
34,126,0.9972257417935776
11,126,0.9972257417935776
54,126,0.9972257417935776
82,62,0.9972152199855776
74,147,0.9971973657759672
29,147,0.9971973657759672
7,147,0.9971973657759672
23,22,0.9971817233377316
23,146,0.9971664427899578
23,130,0.9971659032026344
91,33,0.9971298497232192
91,43,0.9971298497232192
91,39,0.9971298497232192
23,237,0.9971291699631486
110,297,0.9971219552546302
83,32,0.9969685802690488
6,32,0.9969685802690488
110,149,0.9969393103619762
23,95,0.9968923404168046
34,95,0.9968923404168046
24,160,0.9968704152892788
110,49,0.9968684166142664
23,7,0.9968570030046529
91,280,0.996802175604503
11,27,0.9968008982177377
42,26,0.9968008982177377
34,26,0.9968008982177377
54,26,0.9968008982177377
110,215,0.9967582792701114
11,307,0.9967442928191836
37,42,0.9967378344238546
53,133,0.9966700650357876
110,177,0.9966624954896782
23,51,0.996648378465787
53,106,0.9965966955986024
42,106,0.9965966955986024
54,111,0.9965966955986024
82,111,0.9965966955986024
11,122,0.9965966955986024
53,122,0.9965966955986024
54,122,0.9965966955986024
42,111,0.9965966955986024
82,122,0.9965966955986024
9,111,0.9965966955986024
54,106,0.9965966955986024
11,106,0.9965966955986024
11,111,0.9965966955986024
53,80,0.9965539808538306
53,79,0.9965539808538306
110,79,0.9965539808538306
110,80,0.9965539808538306
24,153,0.9965474187080836
42,153,0.9965474187080836
110,47,0.9964555607983372
53,47,0.9964555607983372
53,329,0.9964555607983372
82,329,0.9964555607983372
110,329,0.9964555607983372
82,47,0.9964555607983372
82,316,0.99643852901555
110,316,0.99643852901555
53,316,0.99643852901555
24,143,0.9964182080852678
24,54,0.9964154888889292
34,50,0.9964035531048128
24,261,0.9963668947860468
98,46,0.996322066213215
9,93,0.9963144008415704
110,290,0.9962300038837306
110,23,0.9962237364184172
110,159,0.9962200878855832
110,85,0.99616314387064
110,324,0.99616314387064
53,78,0.99616314387064
82,43,0.99616314387064
82,324,0.99616314387064
53,324,0.99616314387064
110,43,0.99616314387064
4,44,0.9960586526538124
7,34,0.9960548688715652
72,34,0.9960548688715652
110,242,0.9960270894949482
23,168,0.9960195837605104
110,164,0.9959728317114164
72,324,0.995971323318019
29,324,0.995971323318019
110,72,0.9959700085243912
23,101,0.995967592030108
23,87,0.9959674460233476
23,208,0.99596012555649
24,215,0.995958387105532
80,141,0.9959065405351132
83,46,0.9958989537738896
83,41,0.9958989537738896
53,132,0.995849486504169
21,132,0.995849486504169
9,132,0.995849486504169
24,73,0.9957922725362216
54,261,0.9957497291813564
21,131,0.9957252314574104
64,141,0.9957241855020952
23,164,0.9956906168258572
110,68,0.9956033207827788
23,290,0.9955703113075935
9,206,0.9955519184768328
82,206,0.9955519184768328
53,206,0.9955519184768328
84,37,0.9955445513179736
65,37,0.9955445513179736
42,149,0.9955252372637736
11,149,0.9955252372637736
42,250,0.9954960645686922
54,171,0.9954610538267596
54,260,0.9954610538267596
24,58,0.9953994201248972
50,37,0.9953527225654352
50,32,0.9953527225654352
110,126,0.9952759584064188
83,37,0.9952720496290942
26,44,0.995247922351152
21,55,0.9951995257185818
91,47,0.99519716055616
42,222,0.9950355853663436
34,149,0.9950037747750324
21,73,0.9950002581295552
54,246,0.99495543592722
97,46,0.99494120807813
110,148,0.9949131584197688
26,334,0.994911918126148
23,129,0.9948614940729134
9,98,0.9947943348484748
110,245,0.9947442034626104
53,245,0.9947442034626104
82,310,0.9947442034626104
110,310,0.9947442034626104
53,310,0.9947442034626104
82,245,0.9947442034626104
98,27,0.9947090063213412
110,123,0.99470462926963
11,81,0.9946855102151342
34,81,0.9946855102151342
54,81,0.9946855102151342
42,81,0.9946855102151342
24,303,0.994659027411366
54,222,0.9946590013507794
11,222,0.9946590013507794
24,208,0.9946305201950908
23,107,0.9946058024125898
9,77,0.9945678130939206
21,77,0.9945678130939206
42,77,0.9945678130939206
53,77,0.9945678130939206
110,237,0.9945671508099364
34,49,0.9945346291756731
110,27,0.9945310395272566
53,27,0.9945310395272566
23,159,0.9945061323417304
11,261,0.9945056045200688
30,334,0.9944815765031866
24,311,0.9944789368037192
54,133,0.9944039434665234
41,27,0.9943890464888092
101,27,0.9943890464888092
9,51,0.9943591997651512
21,51,0.9943591997651512
11,260,0.9942540637162904
64,255,0.9942487674947036
64,160,0.9942487674947036
21,117,0.9942381050790178
21,118,0.9942381050790178
34,242,0.9941480542077707
23,242,0.9941480542077707
41,43,0.9940616243563368
41,33,0.9940616243563368
101,33,0.9940616243563368
24,271,0.9939985679117072
11,294,0.9939652809303976
9,101,0.9939624129549685
21,101,0.9939624129549685
53,101,0.9939624129549685
9,312,0.9939574457291164
23,312,0.9939574457291164
53,58,0.9938989830724864
21,58,0.9938989830724864
9,58,0.9938989830724864
23,222,0.9938390893526152
80,255,0.9937762397001808
80,160,0.9937762397001808
53,211,0.9937126225138316
82,211,0.9937126225138316
24,101,0.9936716802633028
23,71,0.993667024051916
83,27,0.9935623119899276
34,97,0.993552758905927
42,318,0.9934884111905206
11,95,0.9934661616907994
42,95,0.9934661616907994
21,95,0.9934661616907994
9,95,0.9934661616907994
80,143,0.9934296692893784
47,44,0.9934239064923552
110,168,0.9934053378516844
11,219,0.9933860230583432
110,36,0.9933693265886578
110,202,0.993337970797354
11,21,0.9933377045902388
34,139,0.9932847112409712
82,10,0.9932596222729712
53,54,0.9932596222729712
53,10,0.9932596222729712
9,10,0.9932596222729712
9,54,0.9932596222729712
0,39,0.9932444390095576
42,73,0.9932369335148584
23,133,0.9931765156039044
11,54,0.9931564137387002
54,54,0.9931564137387002
42,54,0.9931564137387002
42,331,0.9931381859288604
21,39,0.993121435843004
21,37,0.993121435843004
21,42,0.993121435843004
82,277,0.9931185059127718
110,277,0.9931185059127718
53,277,0.9931185059127718
9,329,0.9930951130413712
23,329,0.9930951130413712
70,27,0.9930723961945872
77,27,0.9929735671551284
77,42,0.9929735671551284
72,42,0.9929735671551284
102,44,0.9929735671551284
77,45,0.9929735671551284
29,37,0.9929735671551284
72,43,0.9929735671551284
102,41,0.9929735671551284
7,42,0.9929735671551284
72,39,0.9929735671551284
7,39,0.9929735671551284
77,41,0.9929735671551284
77,39,0.9929735671551284
76,39,0.9929735671551284
102,37,0.9929735671551284
77,44,0.9929735671551284
72,32,0.9929735671551284
0,33,0.99295164667542
110,7,0.9928735394820524
11,304,0.9928072482408652
23,89,0.9927833127799384
34,65,0.992763463091031
64,143,0.992742757761387
24,235,0.9927072046743834
21,265,0.9926174772391289
11,265,0.9926174772391289
54,265,0.9926174772391289
53,265,0.9926174772391289
82,265,0.9926174772391289
23,69,0.9926054036487438
37,45,0.9925794044554376
23,15,0.9925546811822512
110,244,0.9925475323888384
9,211,0.9924961131418164
23,65,0.9923963376625816
11,12,0.9923909620861944
11,290,0.9923421887167032
42,290,0.9923421887167032
34,29,0.9922946076173124
23,29,0.9922946076173124
53,313,0.992241397993309
34,92,0.9922247255822824
9,324,0.9921020145881738
23,324,0.9921020145881738
9,43,0.9921020145881738
23,43,0.9921020145881738
53,56,0.9920381198727128
42,97,0.9919747955724916
26,27,0.991961742767526
42,89,0.991905028037963
23,267,0.9919011166546235
54,14,0.9918801088075196
50,46,0.9918704355153506
20,245,0.991837359537819
81,43,0.99181899757951
34,7,0.9917774681755804
91,7,0.991756658377244
45,46,0.99175304303366
3,141,0.9917313589861624
11,140,0.9916945799482432
0,32,0.9916290222991756
91,219,0.9916188340599238
53,74,0.9915691555049002
42,74,0.9915691555049002
9,74,0.9915691555049002
54,214,0.991494236948482
110,222,0.9914359662326953
69,33,0.9914358778926402
21,111,0.9914195695300216
21,106,0.9914195695300216
21,122,0.9914195695300216
21,3,0.9914146758314604
53,9,0.9914146758314604
82,3,0.9914146758314604
21,9,0.9914146758314604
82,4,0.9914146758314604
82,5,0.9914146758314604
53,5,0.9914146758314604
9,4,0.9914146758314604
21,4,0.9914146758314604
53,3,0.9914146758314604
9,5,0.9914146758314604
21,5,0.9914146758314604
82,9,0.9914146758314604
9,3,0.9914146758314604
53,4,0.9914146758314604
9,9,0.9914146758314604
91,334,0.991359452865194
110,267,0.9913072825859855
53,99,0.991283106370666
9,99,0.991283106370666
54,113,0.991283106370666
42,113,0.991283106370666
21,113,0.991283106370666
54,99,0.991283106370666
11,99,0.991283106370666
11,113,0.991283106370666
42,99,0.991283106370666
74,2,0.991267053515724
42,267,0.9912618747433644
54,280,0.9911961195592076
71,43,0.991195339414826
11,29,0.9911700267724328
9,29,0.9911700267724328
53,29,0.9911700267724328
82,29,0.9911700267724328
9,265,0.9911592696504355
110,198,0.9911448386810452
91,8,0.9911366251076268
24,331,0.9910412691141046
11,211,0.9910029131311604
54,211,0.9910029131311604
53,221,0.9909919522758388
11,241,0.990984134526344
20,255,0.990917489228016
20,160,0.990917489228016
23,235,0.99091071981066
14,27,0.9908976717557552
44,27,0.9908976717557552
4,27,0.990872339837504
23,165,0.9908572508611848
9,48,0.9908460766514496
82,48,0.9908460766514496
53,48,0.9908460766514496
9,235,0.9907992690841424
37,160,0.9907479930734842
67,27,0.9907426784584124
6,27,0.990729124420107
17,27,0.9907231156794905
111,27,0.9907231156794905
42,264,0.9906997584422016
11,264,0.9906997584422016
54,264,0.9906997584422016
24,264,0.9906997584422016
23,300,0.990699378418536
6,41,0.9906739737793344
6,46,0.9906739737793344
11,151,0.9906664635722452
34,251,0.9905566899349878
110,89,0.9905372290827092
24,136,0.990509738894883
11,52,0.9904615737107204
44,33,0.990419475896724
14,33,0.990419475896724
44,43,0.990419475896724
26,46,0.9903944486511828
61,27,0.9903295059560082
24,57,0.9903289371671912
31,334,0.9902648414382867
65,30,0.9902148769570306
53,264,0.9901539802067192
82,264,0.9901539802067192
20,141,0.9901467519986508
110,81,0.9901450774698384
53,81,0.9901450774698384
34,165,0.9900769512862032
9,6,0.9900531176695968
53,6,0.9900531176695968
82,6,0.9900531176695968
30,41,0.9900301450597352
110,35,0.9899767004740552
54,267,0.9899345524273506
80,245,0.9899306859337268
84,46,0.9898514883028028
23,149,0.989843932916381
34,105,0.989807346544389
9,27,0.9897032436682284
23,27,0.9897032436682284
24,107,0.98961532303351
101,44,0.9895350859399612
41,44,0.9895350859399612
89,44,0.9895350859399612
15,44,0.9895350859399612
53,321,0.9894934271195732
82,321,0.9894934271195732
110,321,0.9894934271195732
54,96,0.9894453513302248
24,117,0.9894308467912784
42,280,0.9893209233381278
110,54,0.989284993233182
11,89,0.989279270707011
23,151,0.9892787763831008
60,245,0.9892785268906596
18,41,0.9892579312658756
9,299,0.9891834154201072
23,299,0.9891834154201072
34,151,0.9890903826652198
22,44,0.9890603367936984
96,46,0.9890231804531264
9,120,0.988983268838693
82,120,0.988983268838693
42,120,0.988983268838693
13,45,0.988902234593384
46,45,0.988902234593384
71,44,0.988865819996762
4,334,0.9888316909183064
9,8,0.9888254644164384
82,8,0.9888254644164384
53,8,0.9888254644164384
81,44,0.9888089392982716
21,280,0.9887090062703892
23,287,0.9886526850511276
53,90,0.9885649230120368
110,90,0.9885649230120368
110,40,0.988538545851676
85,334,0.9884911589883058
9,264,0.988399893348178
34,84,0.9883636308320192
34,110,0.9882947940003096
23,110,0.9882947940003096
34,124,0.9882397631665272
34,102,0.9881098147943872
53,160,0.9880549144214532
82,160,0.9880549144214532
53,15,0.9879891906202364
23,4,0.9879194810253212
23,9,0.9879194810253212
23,3,0.9879194810253212
23,5,0.9879194810253212
72,26,0.987912475600134
7,26,0.987912475600134
110,147,0.9877938373651692
42,105,0.9877613981200816
82,151,0.9875571095524752
53,151,0.9875571095524752
21,151,0.9875571095524752
42,151,0.9875571095524752
9,149,0.9875223486118172
53,149,0.9875223486118172
21,149,0.9875223486118172
82,149,0.9875223486118172
34,183,0.9874735784876092
15,27,0.9874607661609676
89,27,0.9874607661609676
11,105,0.9874595805371752
79,27,0.9874486933286538
11,267,0.987445323968988
98,45,0.9874368884001096
54,221,0.9874182279400228
37,157,0.9873037329208896
97,33,0.9872183191289028
53,165,0.9872067542172324
42,165,0.9872067542172324
82,165,0.9872067542172324
9,165,0.9872067542172324
11,165,0.9872067542172324
21,165,0.9872067542172324
84,27,0.9871268967673849
18,44,0.9871075627609878
0,45,0.987069885850146
29,280,0.9870510570041556
74,280,0.9870510570041556
7,280,0.9870510570041556
23,20,0.9870453921199992
34,20,0.9870453921199992
24,313,0.9869083078503068
110,265,0.9869019478282588
0,44,0.9868733155532122
15,33,0.9868328894026114
89,33,0.9868328894026114
14,45,0.9867713380419312
23,230,0.9867366016389364
23,145,0.9867366016389364
9,277,0.9867178783499448
23,277,0.9867178783499448
93,245,0.9867165731568568
20,252,0.98671601396903
25,245,0.9866871994807576
1,245,0.9866871994807576
105,245,0.9866871994807576
23,251,0.9866830678189372
34,52,0.9866807558607128
24,155,0.9865870512230815
23,64,0.9865616584338356
82,334,0.9865043488585284
53,334,0.9865043488585284
34,267,0.9864963119635172
54,172,0.9863736961032724
24,248,0.9861696282483632
54,149,0.9860939338896204
81,31,0.9860638006882272
81,42,0.9860638006882272
45,44,0.9860529160546632
9,151,0.9860342051871768
11,238,0.985896074748412
1,141,0.9858167724511464
25,141,0.9858167724511464
22,43,0.9857397726078452
22,33,0.9857397726078452
54,95,0.9857284937763052
54,320,0.9857212862126729
74,290,0.9856911633509292
82,26,0.9856520487407712
53,26,0.9856520487407712
99,34,0.985651334106726
110,86,0.9856339254837856
42,181,0.9855745618056228
84,44,0.985556966618901
97,37,0.9855175158762456
24,118,0.9853932164153878
24,82,0.9853932164153878
50,45,0.9853909784164032
34,177,0.9853909229309794
23,177,0.9853909229309794
42,38,0.985361208393848
24,162,0.9851727138628876
18,31,0.9850654557383702
21,129,0.985037849636244
53,129,0.985037849636244
54,257,0.984979395971335
54,258,0.984979395971335
64,6,0.9849603088134978
64,10,0.9849603088134978
99,42,0.9849177555694112
99,32,0.9849177555694112
99,30,0.9849177555694112
99,33,0.9849177555694112
99,31,0.9849177555694112
99,39,0.9849177555694112
99,44,0.9849177555694112
99,45,0.9849177555694112
99,43,0.9849177555694112
99,41,0.9849177555694112
99,37,0.9849177555694112
21,109,0.9847998207211388
45,45,0.9847184677975048
0,37,0.9847148784507418
91,31,0.9846765431984598
3,245,0.9846707613082902
30,43,0.984660721176175
30,33,0.984660721176175
23,248,0.9846414184964573
3,143,0.984611011277918
82,64,0.9846015796705346
21,64,0.9846015796705346
53,64,0.9846015796705346
11,96,0.9845745674464332
20,310,0.9843683895481908
1,255,0.9843389629712028
105,160,0.9843389629712028
105,255,0.9843389629712028
25,255,0.9843389629712028
1,160,0.9843389629712028
25,160,0.9843389629712028
82,73,0.9842390096681762
18,30,0.984216091749554
98,30,0.984216091749554
21,61,0.9841811415861048
18,334,0.9841773975655046
11,64,0.9841624852952544
101,30,0.9841343731830776
41,30,0.9841343731830776
82,21,0.9840705772370674
53,21,0.9840705772370674
110,21,0.9840705772370674
11,311,0.9840321471810972
96,27,0.984020123342429
53,255,0.9838980808846868
82,255,0.9838980808846868
11,97,0.9838951116679128
54,183,0.983872574394123
11,38,0.9837700315253785
74,324,0.9837148595092584
80,252,0.9836930044051504
23,198,0.9836161361138162
11,321,0.98357712414851
21,10,0.9835238082397124
21,54,0.9835238082397124
42,49,0.9833898033755708
9,49,0.9833898033755708
53,49,0.9833898033755708
21,49,0.9833898033755708
82,49,0.9833898033755708
96,33,0.9833797936908628
39,206,0.9832981349420586
75,206,0.9832981349420586
88,206,0.9832981349420586
60,141,0.9832250924629528
91,10,0.983216862257431
110,38,0.983109833435014
60,252,0.9830901765664242
54,136,0.9830687973107824
42,64,0.9829503820124064
34,181,0.9829351601166972
110,57,0.982907265333876
47,334,0.9828703014180794
34,325,0.9828394607882768
11,246,0.9828322829453396
109,334,0.982768281397596
10,334,0.982768281397596
14,334,0.982768281397596
44,334,0.982768281397596
84,334,0.982755893963816
74,34,0.982712347670237
80,310,0.9826945207834872
104,27,0.9826816355885752
54,97,0.9826217768792584
24,48,0.9825889867901968
17,334,0.982460752059982
111,334,0.982460752059982
90,334,0.982460752059982
75,280,0.9824095090839952
88,280,0.9824095090839952
39,280,0.9824095090839952
53,57,0.982271063385246
82,57,0.982271063385246
37,334,0.9822367249380104
82,72,0.982180178569932
53,72,0.982180178569932
21,72,0.982180178569932
53,247,0.9820896292188316
54,145,0.9820111227086854
52,334,0.9820037983837764
80,10,0.9819334114315053
21,206,0.9819121886952256
26,45,0.9818626156602228
79,334,0.9818552879779288
110,271,0.9818447699571986
24,15,0.9818129774926676
54,330,0.9817935698458756
42,50,0.9817505508313094
53,50,0.9817505508313094
11,50,0.9817505508313094
54,50,0.9817505508313094
9,50,0.9817505508313094
43,334,0.9817024645764404
31,45,0.9816013001140864
23,311,0.9815973850730828
34,68,0.9815512657721296
53,290,0.981493501975022
9,290,0.981493501975022
82,290,0.981493501975022
42,57,0.9814384820766378
7,35,0.9814296038834164
74,44,0.9814295862209556
74,42,0.9814295862209556
74,27,0.9814295862209556
74,39,0.9814295862209556
74,45,0.9814295862209556
74,43,0.9814295862209556
74,32,0.9814295862209556
71,42,0.9813659773083948
0,157,0.981230694585276
85,30,0.9812167719922712
91,160,0.9812028261326428
51,141,0.9812001182439916
110,2,0.9811933665998728
42,68,0.9811855890443972
53,68,0.9811855890443972
11,68,0.9811855890443972
82,68,0.9811855890443972
9,68,0.9811855890443972
82,87,0.9811720166271728
53,87,0.9811720166271728
23,236,0.9811608840205852
15,334,0.981153459257394
101,334,0.981153459257394
41,334,0.981153459257394
89,334,0.981153459257394
43,30,0.9809336137945336
43,27,0.9809336137945336
43,43,0.9809336137945336
43,33,0.9809336137945336
52,30,0.9809144736990232
52,27,0.9809144736990232
54,137,0.9807624525404623
11,164,0.9805978392584844
53,164,0.9805978392584844
42,164,0.9805978392584844
82,164,0.9805978392584844
24,168,0.9804848416558266
24,137,0.9804783083829004
11,163,0.9803727618140272
23,330,0.980104228204569
91,164,0.9800911762081412
47,37,0.9800723868011252
102,329,0.9800638565405212
29,329,0.9800638565405212
72,329,0.9800638565405212
77,329,0.9800638565405212
21,82,0.980045236669837
45,27,0.9799721533019988
53,215,0.979862887594106
91,264,0.979855492103366
93,141,0.9795795935943088
93,252,0.9795376952615028
11,57,0.979371321457919
54,323,0.979371321457919
11,323,0.979371321457919
54,57,0.979371321457919
24,140,0.9793420651507528
11,206,0.979286014645614
91,26,0.979277026118652
76,255,0.9791992384765796
29,255,0.9791992384765796
77,255,0.9791992384765796
72,255,0.9791992384765796
102,255,0.9791992384765796
70,44,0.979184296063403
1,252,0.9791329489212738
105,252,0.9791329489212738
21,6,0.9791282512883426
45,43,0.9790961085287608
45,33,0.9790961085287608
9,80,0.9790542306356804
53,19,0.9789568522460456
34,87,0.978914933241698
100,27,0.9788276855378552
107,27,0.9788276855378552
106,27,0.9788276855378552
56,27,0.9788276855378552
49,27,0.9788276855378552
63,27,0.9788276855378552
95,27,0.9788276855378552
59,27,0.9788276855378552
19,27,0.9788276855378552
33,27,0.9788276855378552
62,27,0.9788276855378552
8,27,0.9788276855378552
90,27,0.9788276855378552
9,78,0.9787533501635276
42,313,0.9787492386599124
9,280,0.9786939865318326
23,280,0.9786939865318326
91,247,0.9786927774276676
23,284,0.978615739143372
98,44,0.9785242868225518
109,27,0.9784874822584112
10,27,0.9784874822584112
23,47,0.9783841412510984
9,47,0.9783841412510984
110,141,0.9783156675615504
53,141,0.9783156675615504
82,141,0.9783156675615504
51,245,0.9782754345494248
54,284,0.9782497138082928
110,246,0.978161977346824
9,164,0.9781492055070196
54,195,0.9781106026874988
71,39,0.978068526540968
31,46,0.978058907826632
36,44,0.977925318581723
98,43,0.9778201197812776
18,43,0.9778201197812776
54,293,0.9778138317475492
34,152,0.9778124104129726
34,156,0.9776015405564784
10,43,0.977552766172196
109,43,0.977552766172196
10,33,0.977552766172196
109,33,0.977552766172196
26,30,0.9775140065404098
26,157,0.9773755711335084
21,329,0.9773089655924914
93,310,0.9772990196040048
1,310,0.9772990196040048
25,310,0.9772990196040048
105,310,0.9772990196040048
11,136,0.9772918411732948
34,204,0.9772077855492708
23,202,0.9771376578055908
27,27,0.977116375664904
27,30,0.977116375664904
27,33,0.977116375664904
27,43,0.977116375664904
21,324,0.9770324873571709
11,92,0.9770030635124988
42,92,0.9770030635124988
24,55,0.9769326855287211
40,30,0.97691105864702
40,27,0.97691105864702
40,43,0.97691105864702
0,334,0.9768408226929188
9,289,0.9768186282299952
3,155,0.9767679619091064
23,142,0.976664336442995
23,224,0.976664336442995
98,334,0.9766585643671368
9,126,0.9766233949441676
23,126,0.9766233949441676
91,46,0.97658809377531
91,299,0.9765772232329047
23,23,0.9765250156074934
3,252,0.976458006178022
83,43,0.9764455107590344
69,46,0.9762101042182842
75,153,0.9761764386431874
88,153,0.9761764386431874
34,64,0.9761579984141068
37,329,0.9760774263184782
23,270,0.9760742582388874
21,264,0.9758536361199216
69,30,0.975840337063389
42,246,0.975743860565761
91,237,0.975676176385054
54,181,0.975644443259482
24,198,0.9756412449372016
21,8,0.9755378210707368
42,159,0.9754119510139424
53,159,0.9754119510139424
82,159,0.9754119510139424
9,305,0.9754082453224954
42,305,0.9754082453224954
11,305,0.9754082453224954
82,305,0.9754082453224954
53,305,0.9754082453224954
99,147,0.9753808791635952
51,280,0.975296245499391
3,280,0.975296245499391
21,246,0.97528627291719
53,246,0.97528627291719
82,246,0.97528627291719
9,246,0.97528627291719
34,23,0.9751991964637282
21,74,0.9751067153293834
64,245,0.975092247301295
64,252,0.975092247301295
54,256,0.9750638979589328
54,210,0.9750395174339178
35,310,0.975021146646328
31,30,0.97495530785912
37,219,0.9748410328769388
7,2,0.9748295119653022
29,2,0.9748295119653022
23,331,0.974735922355766
53,76,0.9747225971175446
82,76,0.9747225971175446
44,30,0.974718602528336
14,30,0.974718602528336
23,203,0.9746960013735276
23,233,0.9746960013735276
17,30,0.9746105633397544
111,30,0.9746105633397544
9,26,0.9744096915893912
23,26,0.9744096915893912
23,176,0.9742559207007896
54,17,0.9742545817031386
3,310,0.9741891329814776
54,56,0.974149703940046
24,316,0.9741222110375404
9,334,0.973915094394691
23,334,0.973915094394691
21,235,0.9738784389582184
82,297,0.9736339770658424
54,20,0.9736339770658424
82,20,0.9736339770658424
9,297,0.9736339770658424
53,297,0.9736339770658424
9,20,0.9736339770658424
11,20,0.9736339770658424
53,20,0.9736339770658424
54,297,0.9736339770658424
101,45,0.9735398452983872
34,0,0.9735150396750216
54,168,0.9733859187842128
53,331,0.973315024346342
23,152,0.9732851926916612
24,36,0.9732147898428573
9,159,0.9732054994151296
34,69,0.973138547240782
76,324,0.9731044643073647
102,324,0.9731044643073647
11,251,0.9730582183256526
54,15,0.9730112508277388
42,90,0.9729681995493596
45,334,0.9729445013597712
7,219,0.9728492188883436
72,219,0.9728492188883436
29,219,0.9728492188883436
74,35,0.9727658775455822
42,292,0.972704537666055
11,127,0.9727037443084404
22,334,0.9726733426593998
61,30,0.9726452674417329
23,21,0.9726238922790478
20,143,0.972599903434541
88,143,0.9725759185273368
39,143,0.9725759185273368
75,143,0.9725759185273368
110,158,0.9724939195527994
6,42,0.9720470092921342
18,42,0.9720470092921342
34,28,0.9719929041316157
21,120,0.9718717796225742
11,102,0.9717368767286546
42,237,0.9716948041473682
34,198,0.9716622442401588
30,45,0.971468041090396
42,102,0.9714214949574648
110,97,0.9713510375680028
53,138,0.9713052623041198
82,138,0.9713052623041198
110,138,0.9713052623041198
12,41,0.9712957645559964
24,64,0.9712256458940616
80,277,0.9711931013200952
57,46,0.9711857603893124
82,237,0.9711103210841076
53,237,0.9711103210841076
9,237,0.9711103210841076
21,237,0.9711103210841076
97,45,0.9711011111441904
23,316,0.971100379334254
88,155,0.9709731880668192
75,155,0.9709731880668192
54,105,0.9708683143116784
77,34,0.9708231448564671
76,34,0.9708231448564671
102,34,0.9708231448564671
67,334,0.9706816959944704
108,143,0.9706786591073596
110,204,0.9706359833900722
93,160,0.9705930826695648
60,160,0.9705930826695648
60,255,0.9705930826695648
93,255,0.9705930826695648
42,130,0.9705511211426028
82,130,0.9705511211426028
21,130,0.9705511211426028
9,130,0.9705511211426028
83,44,0.9704644818686724
16,34,0.970296598571741
47,41,0.9702092395230844
47,46,0.9702092395230844
57,157,0.9701491775672192
11,284,0.9699480604944586
82,148,0.9698109275774642
9,148,0.9698109275774642
21,148,0.9698109275774642
53,148,0.9698109275774642
24,66,0.9697018074388472
24,53,0.9697018074388472
24,115,0.9697018074388472
11,49,0.9696724756103472
91,223,0.9696690904108972
91,252,0.9696690904108972
9,310,0.9695692423524076
9,245,0.9695692423524076
23,245,0.9695692423524076
23,310,0.9695692423524076
71,47,0.969472151719192
42,240,0.969467775699744
9,316,0.9694461965445916
54,216,0.9693145963624966
110,200,0.9691226427341364
29,168,0.9690778353749212
7,168,0.9690778353749212
54,251,0.9689663976456884
54,151,0.9689569755998738
110,1,0.968955404943698
82,1,0.968955404943698
53,1,0.968955404943698
53,242,0.9689545024288828
82,242,0.9689545024288828
9,242,0.9689545024288828
97,41,0.9689145153861048
34,147,0.9688583191351544
23,255,0.9688191183610813
9,255,0.9688191183610813
3,44,0.9686976905059282
42,328,0.9686947924642642
21,289,0.968580826134336
69,43,0.9685260130377776
91,151,0.9684743726659478
64,310,0.9684655714165096
91,157,0.9684262747772192
91,330,0.9682784649862548
34,127,0.9682366376994808
54,165,0.9682324993957612
34,132,0.968032525017243
79,30,0.9678434915208202
82,112,0.9677473996076826
53,112,0.9677473996076826
15,30,0.967419458174512
89,30,0.967419458174512
99,330,0.9674028401993802
81,157,0.9673959912019764
11,282,0.967365229320642
12,44,0.967133085419315
11,269,0.9670880173820832
82,7,0.9670871550907556
53,7,0.9670871550907556
21,7,0.9670871550907556
9,7,0.9670871550907556
105,143,0.9670255245451244
25,143,0.9670255245451244
1,143,0.9670255245451244
21,15,0.966994884468652
82,139,0.9669887501742558
53,139,0.9669887501742558
110,139,0.9669887501742558
23,261,0.9669426365034588
24,31,0.9668389064334758
24,33,0.9668389064334758
24,44,0.9668389064334758
24,32,0.9668389064334758
24,45,0.9668389064334758
24,63,0.9668389064334758
24,37,0.9668389064334758
24,34,0.9668389064334758
24,30,0.9668389064334758
24,41,0.9668389064334758
24,61,0.9668389064334758
24,312,0.9668389064334758
24,39,0.9668389064334758
21,87,0.9667518628265938
9,218,0.9666009692144706
82,218,0.9666009692144706
53,218,0.9666009692144706
80,26,0.9665577695148172
97,31,0.9664939377479572
91,177,0.9663176887693936
24,133,0.9662784555779655
54,11,0.9662493369188512
42,8,0.966190375348442
16,35,0.9660203239752392
22,30,0.9659945145510624
91,168,0.9656744118012636
91,6,0.9656744118012636
7,154,0.96558223388389
29,154,0.96558223388389
76,31,0.965544244366502
72,30,0.965544244366502
7,30,0.965544244366502
102,30,0.965544244366502
54,16,0.9655294275917964
11,16,0.9655294275917964
34,59,0.9654482038147146
26,310,0.9653721838267464
37,26,0.9653047489059348
36,334,0.965303907861382
88,139,0.9653022787245475
39,156,0.9653022787245475
39,196,0.9653022787245475
39,139,0.9653022787245475
75,139,0.9653022787245475
75,156,0.9653022787245475
88,156,0.9653022787245475
88,196,0.9653022787245475
75,196,0.9653022787245475
23,148,0.9652606273615142
71,334,0.9648500610354556
42,177,0.964611831888196
53,177,0.964611831888196
82,177,0.964611831888196
11,177,0.964611831888196
9,177,0.964611831888196
98,41,0.9643259573639574
91,165,0.9642337138012932
42,48,0.9641333409796398
23,19,0.9640076579796611
54,52,0.9639619078373814
110,311,0.9639285849107736
53,267,0.9637945418215402
82,267,0.9637945418215402
9,267,0.9637945418215402
21,267,0.9637945418215402
91,159,0.9637529841355064
24,67,0.963743448694743
34,297,0.9635040396674812
23,297,0.9635040396674812
61,44,0.963443493797029
91,63,0.9633694309695942
21,50,0.9633272961815588
34,72,0.9632292580775486
99,290,0.9629415823646664
91,62,0.9628067787307428
91,36,0.9626339841461206
21,290,0.9625996606603612
71,324,0.9624348447032578
70,33,0.9623326094824534
70,43,0.9623326094824534
24,206,0.9623263332674002
29,222,0.96231955611625
54,49,0.9622562005554044
110,275,0.9620705467082143
53,89,0.9620453142630748
82,89,0.9620453142630748
21,89,0.9620453142630748
74,264,0.9618672408874456
29,264,0.9618672408874456
97,42,0.96168999926975
50,334,0.9616859513497812
87,43,0.9616332203214916
87,30,0.9616332203214916
87,27,0.9616332203214916
54,134,0.961516994890628
57,30,0.9614943481066716
82,36,0.9614544483921372
9,36,0.9614544483921372
21,36,0.9614544483921372
53,36,0.9614544483921372
34,184,0.9614141468188274
0,30,0.961377022434429
97,44,0.9613476174010984
53,67,0.9613090763368022
21,67,0.9613090763368022
9,67,0.9613090763368022
23,127,0.9611088398763474
42,168,0.9610616859197622
9,119,0.961055333799134
21,119,0.961055333799134
108,2,0.960963046037492
23,200,0.9608529474695832
67,33,0.9608476444791184
67,43,0.9608476444791184
24,89,0.9607139078806742
60,143,0.9607078314045796
23,8,0.9606617708370796
24,216,0.9606135186025192
23,158,0.9606015608781052
52,34,0.9605746332804536
64,277,0.9605479144884616
83,334,0.960413100756454
72,334,0.9603995232875134
77,334,0.9603995232875134
76,334,0.9603995232875134
102,334,0.9603995232875134
96,30,0.9603970026213368
64,26,0.960214632569532
54,250,0.9602046356296162
11,276,0.9601434581230034
43,44,0.959972640143082
54,19,0.9599475587819256
108,153,0.9598958602890884
0,160,0.9597532859341446
0,255,0.9597532859341446
21,164,0.9596470622686614
51,310,0.9593916357511324
91,141,0.9593860352659084
34,89,0.959298501728231
9,168,0.9591650116377028
82,168,0.9591650116377028
53,168,0.9591650116377028
99,329,0.9590311458369336
11,237,0.95884594420813
54,237,0.95884594420813
11,225,0.958748125560183
23,327,0.9586981259216416
24,181,0.9586376875956988
37,34,0.9586115254443416
23,323,0.9586073911672816
24,74,0.9582859817139054
53,144,0.9582260206869432
97,43,0.9582124174807908
23,59,0.9580873813236296
91,313,0.9576784420892376
9,141,0.9576580026045148
23,141,0.9576580026045148
42,218,0.957538708289753
11,218,0.957538708289753
7,241,0.9572516574426324
29,241,0.9572516574426324
83,157,0.9572034509416828
6,157,0.9572034509416828
82,198,0.9570260113533122
21,198,0.9570260113533122
9,198,0.9570260113533122
53,198,0.9570260113533122
54,230,0.9569576400869434
12,334,0.9568300385411798
23,147,0.9568006719179116
54,22,0.9564192484924552
11,65,0.95624196720567
72,160,0.9562412002416134
29,160,0.9562412002416134
77,160,0.9562412002416134
7,160,0.9562412002416134
102,160,0.9562412002416134
76,160,0.9562412002416134
3,282,0.9562178247388632
42,36,0.9560575162738314
71,157,0.9560082598396252
3,270,0.9559677229813258
18,37,0.9556926431494794
65,32,0.9556679744515538
91,274,0.9556271712071944
91,241,0.9554280159094336
91,21,0.955416706718706
53,70,0.95518076312856
24,152,0.9551688766611466
47,43,0.9550832769220264
47,33,0.9550832769220264
75,282,0.954944317466904
39,282,0.954944317466904
88,282,0.954944317466904
83,45,0.9548282069287004
70,334,0.954572361314621
24,207,0.9541089869730665
17,33,0.9539877581068822
111,43,0.9539877581068822
17,43,0.9539877581068822
111,33,0.9539877581068822
36,33,0.9539074700176776
41,46,0.953857576050382
89,46,0.953857576050382
15,46,0.953857576050382
101,46,0.953857576050382
53,219,0.953720124644576
82,219,0.953720124644576
110,219,0.953720124644576
83,31,0.9535939019541008
13,43,0.953206372008182
13,33,0.953206372008182
46,33,0.953206372008182
46,43,0.953206372008182
24,80,0.9532062243585624
24,109,0.9532062243585624
24,79,0.9532062243585624
4,33,0.9530470188917672
4,43,0.9530470188917672
29,46,0.9529303090933284
72,46,0.9529303090933284
7,46,0.9529303090933284
74,26,0.9528147684089546
24,310,0.952788880718658
52,44,0.9527747104413234
110,307,0.9527628657889176
96,44,0.9527541876258344
91,242,0.9525537470620816
24,150,0.9524784758068232
11,59,0.952312178619265
57,44,0.952118044874556
21,305,0.9518041154769962
80,20,0.9516977654109322
81,39,0.9516732849645207
23,206,0.951596422564284
27,45,0.9515956434227112
74,312,0.9514344463214464
74,299,0.9514344463214464
21,76,0.9514154587875836
91,135,0.9513697731879156
61,33,0.951331453872791
3,207,0.9512879232212964
99,280,0.951057172558922
75,270,0.9510512330834016
39,270,0.9510512330834016
88,270,0.9510512330834016
11,281,0.9509408533594236
42,156,0.9508172980914436
75,40,0.950351834034394
39,36,0.950351834034394
75,137,0.950351834034394
88,40,0.950351834034394
39,40,0.950351834034394
88,36,0.950351834034394
39,137,0.950351834034394
88,137,0.950351834034394
93,143,0.9503340678373706
42,87,0.9502365655503282
50,47,0.950234295374532
0,31,0.9499175070422616
80,147,0.9498986937917876
91,35,0.949855423210101
71,219,0.949822379254462
54,207,0.9494423406576948
74,329,0.9492787268029416
24,255,0.9492401718494766
24,131,0.949049283750946
23,1,0.9489889336678896
9,1,0.9489889336678896
16,44,0.948789429419115
35,245,0.9487518167205172
71,329,0.94875102369574
45,30,0.9485575720032178
11,125,0.9485544543982792
23,199,0.948210669795304
91,85,0.9482033564057452
16,32,0.9481665686575564
91,202,0.9481405156312688
91,221,0.9480883436287896
78,45,0.94804872990048
99,241,0.9480487071999848
26,33,0.9480057720941746
26,43,0.9480057720941746
99,27,0.9479688116985354
23,298,0.9476789141648644
9,127,0.9475961530242832
82,127,0.9475961530242832
53,127,0.9475961530242832
21,127,0.9475961530242832
74,36,0.947586815036544
96,37,0.9474043751267562
107,30,0.947235970936572
33,30,0.947235970936572
95,30,0.947235970936572
49,30,0.947235970936572
56,30,0.947235970936572
100,30,0.947235970936572
8,30,0.947235970936572
19,30,0.947235970936572
90,30,0.947235970936572
106,30,0.947235970936572
62,30,0.947235970936572
63,30,0.947235970936572
59,30,0.947235970936572
96,43,0.9472350028617552
50,324,0.946981029880919
9,88,0.946940150939962
53,88,0.946940150939962
82,88,0.946940150939962
54,161,0.9466784935049212
21,133,0.9466047446191472
21,126,0.9464297737030108
23,204,0.9463720434407624
74,334,0.9462917623059226
11,216,0.946267164487034
72,47,0.9461986849409236
7,47,0.9461986849409236
54,65,0.9458725885575932
72,141,0.9458478553277724
74,141,0.9458478553277724
39,2,0.9457796110115816
75,2,0.9457796110115816
88,2,0.9457796110115816
109,30,0.9457138574111448
10,30,0.9457138574111448
34,1,0.945553294191954
42,1,0.945553294191954
69,42,0.9454160102834672
42,304,0.9452684688758988
82,121,0.9450116845363604
9,107,0.9450116845363604
21,107,0.9450116845363604
82,107,0.9450116845363604
21,121,0.9450116845363604
9,121,0.9450116845363604
82,202,0.944822568767864
53,202,0.944822568767864
6,44,0.9444047101738338
54,92,0.9442364279412606
24,252,0.9439305874413876
74,255,0.9438275482594318
24,249,0.9435726457201306
9,202,0.9435364183724372
11,48,0.9432952901078177
72,247,0.9432020676184062
29,247,0.9432020676184062
77,247,0.9432020676184062
102,247,0.9432020676184062
76,247,0.9432020676184062
7,247,0.9432020676184062
37,324,0.9431119699040852
34,189,0.9430969696153244
24,22,0.9430055068702456
50,44,0.9429773519442378
24,224,0.942912693015908
96,334,0.942888348323124
75,141,0.94277765085078
39,141,0.94277765085078
88,141,0.94277765085078
54,123,0.9426715475157884
31,43,0.942636359761342
46,334,0.9425845975381736
109,44,0.9424682002072634
44,44,0.9424682002072634
10,44,0.9424682002072634
14,44,0.9424682002072634
110,156,0.9422864142363916
16,46,0.9421322999283588
97,157,0.941880291867408
54,7,0.9416908220329896
23,283,0.9416016812409224
11,8,0.941566539402746
110,94,0.9414061739312188
21,79,0.9411519047028284
110,330,0.941064792594264
23,52,0.9410230028103284
21,297,0.9408514765112972
51,143,0.9407380594550928
42,60,0.9404450443298182
9,60,0.9404450443298182
82,60,0.9404450443298182
53,60,0.9404450443298182
53,108,0.9402765355474738
82,108,0.9402765355474738
23,268,0.9401698230721496
42,169,0.9400810428093423
51,155,0.9399778006770432
23,24,0.9397268813107664
23,308,0.9397268813107664
86,27,0.939355235433871
86,30,0.939355235433871
86,43,0.939355235433871
34,112,0.939277737461362
104,334,0.939179933711139
34,244,0.939156500501729
65,41,0.9390468440054188
54,198,0.9389492253769308
23,91,0.9387233990918096
35,252,0.9386073675687248
21,242,0.9385964323257364
24,123,0.938509435759034
74,135,0.9384411047098338
7,135,0.9384411047098338
29,135,0.9384411047098338
91,158,0.9381866403976262
93,218,0.93794992259289
26,145,0.93794992259289
55,145,0.93794992259289
57,218,0.93794992259289
55,218,0.93794992259289
93,145,0.93794992259289
80,293,0.93794992259289
92,218,0.93794992259289
94,11,0.93794992259289
80,11,0.93794992259289
73,145,0.93794992259289
2,293,0.93794992259289
73,218,0.93794992259289
5,293,0.93794992259289
60,218,0.93794992259289
93,11,0.93794992259289
57,145,0.93794992259289
92,11,0.93794992259289
26,11,0.93794992259289
60,145,0.93794992259289
57,11,0.93794992259289
28,11,0.93794992259289
28,293,0.93794992259289
5,218,0.93794992259289
38,218,0.93794992259289
5,145,0.93794992259289
2,145,0.93794992259289
55,293,0.93794992259289
26,293,0.93794992259289
28,218,0.93794992259289
26,218,0.93794992259289
94,145,0.93794992259289
60,293,0.93794992259289
92,293,0.93794992259289
94,218,0.93794992259289
93,293,0.93794992259289
73,293,0.93794992259289
94,293,0.93794992259289
38,293,0.93794992259289
5,11,0.93794992259289
2,11,0.93794992259289
55,11,0.93794992259289
60,11,0.93794992259289
80,218,0.93794992259289
38,11,0.93794992259289
2,218,0.93794992259289
57,293,0.93794992259289
73,11,0.93794992259289
80,145,0.93794992259289
92,145,0.93794992259289
38,145,0.93794992259289
28,145,0.93794992259289
11,214,0.937868600546822
91,9,0.9378559412120951
91,5,0.9378559412120951
91,4,0.9378559412120951
91,3,0.9378559412120951
93,157,0.937663540279272
35,27,0.9375715183126548
53,83,0.9375658710644948
9,83,0.9375658710644948
20,145,0.9375637280507352
105,11,0.9375637280507352
35,293,0.9375637280507352
25,218,0.9375637280507352
64,145,0.9375637280507352
64,218,0.9375637280507352
20,293,0.9375637280507352
64,293,0.9375637280507352
25,145,0.9375637280507352
1,293,0.9375637280507352
35,145,0.9375637280507352
105,293,0.9375637280507352
20,218,0.9375637280507352
35,11,0.9375637280507352
1,11,0.9375637280507352
64,11,0.9375637280507352
35,218,0.9375637280507352
1,218,0.9375637280507352
105,145,0.9375637280507352
1,145,0.9375637280507352
25,293,0.9375637280507352
20,11,0.9375637280507352
25,11,0.9375637280507352
11,247,0.9375477782642698
29,202,0.937545419840057
85,33,0.9375437394338474
76,1,0.9375428946140428
7,1,0.9375428946140428
77,1,0.9375428946140428
72,1,0.9375428946140428
6,39,0.9375422488146404
11,110,0.937541813933613
82,110,0.937541813933613
42,110,0.937541813933613
54,110,0.937541813933613
82,35,0.9375378775758548
54,35,0.9375378775758548
9,35,0.9375378775758548
53,35,0.9375378775758548
11,35,0.9375378775758548
58,43,0.9375313963709506
48,43,0.9375313963709506
48,30,0.9375313963709506
48,27,0.9375313963709506
58,27,0.9375313963709506
58,30,0.9375313963709506
82,91,0.9375262869194578
53,91,0.9375262869194578
21,91,0.9375262869194578
51,2,0.937520918928001
3,30,0.9375197647988048
39,26,0.9375165555487932
88,26,0.9375165555487932
42,145,0.9375165102278964
27,34,0.9375094543365322
88,157,0.9375078765871736
51,157,0.9375078765871736
25,157,0.9375078765871736
52,6,0.9375058914857242
53,69,0.9375051972030396
21,69,0.9375051972030396
9,69,0.9375051972030396
53,105,0.9375040234411972
82,105,0.9375040234411972
21,105,0.9375040234411972
42,65,0.9374919273357584
82,65,0.9374919273357584
21,65,0.9374919273357584
53,65,0.9374919273357584
54,244,0.9374865759138324
42,244,0.9374865759138324
74,235,0.9374858790852184
29,235,0.9374858790852184
75,177,0.9374857464639994
39,177,0.9374857464639994
88,38,0.9374837363971524
39,38,0.9374837363971524
85,46,0.937481563333472
20,10,0.9374801034203706
11,144,0.9374796266182857
75,147,0.9374762048158024
88,147,0.9374762048158024
75,200,0.9374745698629768
39,200,0.9374745698629768
74,245,0.9374704033307508
7,36,0.9374690419221718
38,252,0.9374673532433564
94,245,0.9374673532433564
94,252,0.9374673532433564
55,252,0.9374673532433564
28,252,0.9374673532433564
5,252,0.9374673532433564
92,252,0.9374673532433564
2,245,0.9374673532433564
2,252,0.9374673532433564
38,245,0.9374673532433564
92,245,0.9374673532433564
5,245,0.9374673532433564
28,245,0.9374673532433564
11,152,0.9374653765114904
11,84,0.9374615301290072
82,84,0.9374615301290072
9,84,0.9374615301290072
54,84,0.9374615301290072
53,84,0.9374615301290072
2,160,0.9374604757361216
92,160,0.9374604757361216
55,255,0.9374604757361216
94,160,0.9374604757361216
92,255,0.9374604757361216
5,255,0.9374604757361216
5,160,0.9374604757361216
55,160,0.9374604757361216
28,255,0.9374604757361216
38,255,0.9374604757361216
28,160,0.9374604757361216
38,160,0.9374604757361216
2,255,0.9374604757361216
76,35,0.9374601738675996
72,35,0.9374601738675996
77,35,0.9374601738675996
88,15,0.9374584191248928
75,19,0.9374584191248928
39,19,0.9374584191248928
39,15,0.9374584191248928
88,19,0.9374584191248928
36,41,0.937458236050538
77,26,0.9374558218665536
9,116,0.9374553570438154
82,116,0.9374553570438154
21,86,0.9374553570438154
21,104,0.9374553570438154
9,104,0.9374553570438154
21,116,0.9374553570438154
82,86,0.9374553570438154
53,86,0.9374553570438154
82,104,0.9374553570438154
53,208,0.9374498644065636
82,208,0.9374498644065636
9,208,0.9374498644065636
33,44,0.9374495910860142
56,44,0.9374495910860142
8,44,0.9374495910860142
19,44,0.9374495910860142
49,44,0.9374495910860142
62,44,0.9374495910860142
100,44,0.9374495910860142
95,44,0.9374495910860142
59,44,0.9374495910860142
106,44,0.9374495910860142
63,44,0.9374495910860142
107,44,0.9374495910860142
11,231,0.9374479678813716
88,24,0.9374479430874412
39,24,0.9374479430874412
7,10,0.9374472282310926
50,31,0.937444831404719
102,135,0.9374439260762064
77,135,0.9374439260762064
72,135,0.9374439260762064
51,196,0.9374395793797742
51,156,0.9374395793797742
3,156,0.9374395793797742
51,174,0.9374395793797742
3,200,0.9374395793797742
3,204,0.9374395793797742
3,196,0.9374395793797742
3,174,0.9374395793797742
51,139,0.9374395793797742
3,152,0.9374395793797742
3,202,0.9374395793797742
51,206,0.9374395793797742
3,139,0.9374395793797742
51,152,0.9374395793797742
51,204,0.9374395793797742
3,184,0.9374395793797742
3,206,0.9374395793797742
51,200,0.9374395793797742
51,202,0.9374395793797742
30,37,0.937438948270854
42,124,0.9374377110238042
11,124,0.9374377110238042
54,124,0.9374377110238042
9,124,0.9374377110238042
21,100,0.937425122194534
9,100,0.937425122194534
82,100,0.937425122194534
94,248,0.9374243748141808
55,248,0.9374243748141808
92,248,0.9374243748141808
80,248,0.9374243748141808
73,248,0.9374243748141808
2,248,0.9374243748141808
28,248,0.9374243748141808
5,248,0.9374243748141808
75,30,0.937421219343463
66,30,0.9374199020447646
66,27,0.9374199020447646
66,43,0.9374199020447646
105,277,0.9374177221885032
29,177,0.9374144052113892
74,177,0.9374144052113892
81,324,0.9374080754572964
74,19,0.937398169360651
7,19,0.937398169360651
3,157,0.9373463083666967
25,277,0.9369687606277276
3,334,0.9369638957045728
110,114,0.9368234300395823
24,96,0.9367622473944184
34,206,0.936654084046076
91,144,0.9362730344935634
54,218,0.9362613526068114
69,31,0.935919344314411
70,45,0.9353364418513468
104,45,0.9349759530492864
17,45,0.9349638822833896
111,45,0.9349638822833896
29,290,0.9348171998651452
7,290,0.9348171998651452
21,159,0.9342312959445028
11,330,0.934150685610882
82,273,0.93398733709974
53,273,0.93398733709974
110,273,0.93398733709974
82,216,0.933893159170825
9,216,0.933893159170825
21,216,0.933893159170825
53,216,0.933893159170825
64,147,0.9337944668996422
37,1,0.9337101543767304
53,222,0.9336656512831804
82,222,0.9336656512831804
21,222,0.9336656512831804
35,334,0.9334993973925448
54,68,0.9333023336125198
82,38,0.933204799288513
21,38,0.933204799288513
53,38,0.933204799288513
9,38,0.933204799288513
16,219,0.9331605468324092
9,222,0.9327817667560208
34,58,0.9327024498280994
0,329,0.9326904172812694
16,33,0.9324675976878294
52,43,0.9323506138076446
52,33,0.9323506138076446
21,334,0.9322961928587692
57,310,0.932233178098801
91,84,0.9320731075131308
97,334,0.931986019914602
3,255,0.9319757274037987
23,244,0.9319757187940536
54,64,0.9318451237810526
3,248,0.9316311987887232
51,248,0.9316311987887232
16,155,0.9312913425777268
9,152,0.9310766510784864
53,152,0.9310766510784864
82,152,0.9310766510784864
39,245,0.9309649928179832
88,245,0.9309649928179832
9,21,0.9308753914928516
21,70,0.9305919304360312
21,244,0.9303165106325862
53,244,0.9303165106325862
82,244,0.9303165106325862
24,195,0.9302142356675104
74,247,0.9301925158829882
21,115,0.9301124127305874
21,53,0.9301124127305874
21,66,0.9301124127305874
42,208,0.9299799867388502
84,33,0.9298875210623218
79,43,0.9298708178805274
79,33,0.9298708178805274
34,129,0.9297819010962864
105,280,0.9293955073159634
25,280,0.9293955073159634
20,280,0.9293955073159634
64,280,0.9293955073159634
1,280,0.9293955073159634
35,280,0.9293955073159634
21,177,0.9293174778932226
110,252,0.9292284436391428
53,252,0.9292284436391428
82,252,0.9292284436391428
73,310,0.9291389455533188
42,7,0.9287719319064248
46,32,0.9287138069828228
92,280,0.9280914743053384
73,280,0.9280914743053384
94,280,0.9280914743053384
55,280,0.9280914743053384
57,280,0.9280914743053384
93,280,0.9280914743053384
80,280,0.9280914743053384
26,280,0.9280914743053384
5,280,0.9280914743053384
28,280,0.9280914743053384
38,280,0.9280914743053384
2,280,0.9280914743053384
60,280,0.9280914743053384
2,310,0.9280063502470516
92,310,0.9280063502470516
5,310,0.9280063502470516
55,310,0.9280063502470516
38,310,0.9280063502470516
94,310,0.9280063502470516
28,310,0.9280063502470516
23,35,0.927488286622804
34,35,0.927488286622804
21,218,0.9273365187842272
23,226,0.9271778654827716
16,20,0.9269631390846924
24,103,0.9267892881773788
24,277,0.9267892881773788
23,67,0.9267130468781426
42,216,0.9265645987667644
64,248,0.9264201701992596
25,248,0.9264201701992596
20,248,0.9264201701992596
105,248,0.9264201701992596
1,248,0.9264201701992596
91,271,0.9263693531104872
40,32,0.9261535684984654
87,32,0.9261535684984654
110,157,0.925976899835852
82,157,0.925976899835852
53,157,0.925976899835852
26,41,0.9259580556173578
9,244,0.9255916876343554
74,164,0.9255047392302784
23,286,0.9253399210893618
96,41,0.9250869813467896
99,334,0.9250455048650544
21,299,0.924882521442346
6,31,0.9246649041142428
24,273,0.9244601188803068
29,8,0.9243868364841116
7,8,0.9243868364841116
74,8,0.9243868364841116
16,324,0.9243766361381092
16,47,0.9243766361381092
24,148,0.9243537622022632
11,275,0.924088730795576
34,70,0.9239580557103788
42,221,0.9239329219782568
28,141,0.92305423029482
38,141,0.92305423029482
55,141,0.92305423029482
2,141,0.92305423029482
94,141,0.92305423029482
92,141,0.92305423029482
5,141,0.92305423029482
24,315,0.92286851612709
11,22,0.922838489160212
91,109,0.9225584169172336
74,165,0.9218521234767156
57,334,0.9216419722756172
26,245,0.921616708729994
34,108,0.9214701597835732
0,135,0.9208802235041496
42,67,0.920704448779744
11,67,0.920704448779744
54,326,0.9204056441250564
54,102,0.9203023335123676
42,291,0.9202941810786216
23,275,0.9202767456662474
9,321,0.919974941559456
77,151,0.9199639039728696
83,42,0.9198377038262682
91,277,0.9196922490549454
50,329,0.9196791629263054
23,100,0.9195859075855743
9,90,0.9194565954265488
24,105,0.9192040334480288
110,249,0.9191517067578336
104,43,0.9191441058213006
104,33,0.9191441058213006
70,41,0.919052914221866
70,46,0.919052914221866
12,43,0.918891577932922
108,290,0.9184783576649976
42,131,0.9183059929688674
23,239,0.9182956566151972
45,41,0.9182577642713649
91,56,0.918154842966646
47,32,0.918087964833476
13,334,0.9173689018102442
76,56,0.9171033665938164
72,56,0.9171033665938164
7,56,0.9171033665938164
102,56,0.9171033665938164
29,56,0.9171033665938164
77,56,0.9171033665938164
110,181,0.9168160151093786
57,32,0.9166737590544474
34,187,0.9160887894226584
21,19,0.916001295129448
11,172,0.9159495787713884
105,10,0.9158116543643235
1,10,0.9158116543643235
1,6,0.9158116543643235
25,10,0.9158116543643235
25,6,0.9158116543643235
105,6,0.9158116543643235
67,44,0.915302960106942
26,252,0.9152169737039232
23,136,0.915050290264246
24,134,0.9145064472638436
54,59,0.9142723277658844
42,241,0.9141954887553546
54,224,0.913359851499331
54,303,0.913359851499331
54,142,0.913359851499331
24,38,0.9133452404415532
54,189,0.913162519666632
11,87,0.9127834017846692
23,313,0.9125847330488284
74,46,0.9125557301155232
34,55,0.9124605269025904
22,45,0.9116132587961756
74,154,0.9108548025838435
80,324,0.9107592144801866
20,324,0.910388224233262
11,254,0.9102953320265706
6,334,0.9102177132382364
96,31,0.9100503363746278
16,26,0.90987961800401
23,137,0.9098637543597008
74,222,0.9098440170315806
42,129,0.909565977966442
11,129,0.909565977966442
42,231,0.9091402340795254
73,44,0.9091357465317592
73,334,0.9091357465317592
0,143,0.9090864215850408
29,153,0.9089315345756412
7,153,0.9089315345756412
74,153,0.9089315345756412
54,127,0.908734839996942
9,236,0.9081999477830768
39,56,0.907980972643812
75,56,0.907980972643812
88,56,0.907980972643812
16,329,0.9079781395908784
60,248,0.9077295038895252
57,248,0.9077295038895252
93,248,0.9077295038895252
26,248,0.9077295038895252
7,151,0.90737811160951
29,151,0.90737811160951
75,273,0.9069383677956449
88,273,0.9069383677956449
75,28,0.9069383677956449
39,28,0.9069383677956449
88,28,0.9069383677956449
39,273,0.9069383677956449
23,138,0.9069316457427924
9,138,0.9069316457427924
53,236,0.9059504391685678
82,236,0.9059504391685678
54,262,0.9059043180275632
24,1,0.9058552837002284
88,252,0.90547486672218
88,310,0.90547486672218
39,252,0.90547486672218
39,310,0.90547486672218
0,35,0.9052945281495254
60,324,0.9052228928785536
24,307,0.905097652944178
74,30,0.9048421627305808
74,31,0.9048421627305808
84,31,0.9046285472854554
57,33,0.9045487060142868
81,329,0.9040738319518614
24,93,0.9040426981591336
99,289,0.9036809558982994
23,169,0.9034553245226796
91,282,0.9034216352088804
24,330,0.9030755628166468
99,299,0.9028114871390712
99,312,0.9028114871390712
29,155,0.9026958030872744
72,155,0.9026958030872744
29,223,0.9026958030872744
29,252,0.9026958030872744
7,223,0.9026958030872744
7,252,0.9026958030872744
72,223,0.9026958030872744
72,252,0.9026958030872744
7,155,0.9026958030872744
42,236,0.9026184139914316
24,223,0.9025977708950822
23,56,0.9025696455654452
85,34,0.9021167116973422
26,31,0.901855882325158
37,155,0.90183468663014
99,36,0.9016929761366904
42,307,0.9016120085461676
24,156,0.9015585582440514
35,248,0.901535778290082
91,224,0.9011884214116248
24,139,0.9011744259983973
9,97,0.9011379054472504
21,97,0.9011379054472504
53,97,0.9011379054472504
82,97,0.9011379054472504
11,72,0.9007809971697284
42,187,0.9005571504262111
93,44,0.9004628048365204
21,168,0.9004583259274423
73,30,0.9003674387419854
73,27,0.9003674387419854
91,204,0.9002244997660916
65,334,0.9002129716839058
60,44,0.9000214012389386
0,1,0.8999600641263945
9,139,0.8995656700292789
91,78,0.899159276217567
23,221,0.8987956302704682
35,141,0.8987136584738792
72,147,0.8986091323080736
110,92,0.8984782713052174
45,42,0.898278204667389
11,279,0.8978967218765237
72,280,0.8977189853026991
50,157,0.8977065615143763
75,207,0.8975685763892228
39,207,0.8975685763892228
88,207,0.8975685763892228
51,282,0.897296492217674
88,152,0.8971678477400398
75,152,0.8971678477400398
39,152,0.8971678477400398
39,204,0.8971678477400398
75,204,0.8971678477400398
88,204,0.8971678477400398
81,219,0.8966787783595995
46,37,0.8966102493493221
72,222,0.8962456375510388
21,22,0.8957982020882368
9,22,0.8957982020882368
82,22,0.8957982020882368
53,22,0.8957982020882368
53,271,0.8956132405488262
82,271,0.8956132405488262
9,271,0.8956132405488262
13,30,0.8955728129618898
46,30,0.8955728129618898
24,62,0.8952775075941269
108,319,0.8951094503452699
108,144,0.8951094503452699
80,334,0.8950863529151463
66,32,0.8947895988414073
37,247,0.8945861185140215
51,277,0.8942585160333284
23,231,0.894016282880888
110,106,0.8939472658832859
91,118,0.8937334650832757
107,33,0.8937165773107789
56,33,0.8937165773107789
19,33,0.8937165773107789
62,33,0.8937165773107789
106,33,0.8937165773107789
33,43,0.8937165773107789
56,43,0.8937165773107789
33,33,0.8937165773107789
49,33,0.8937165773107789
59,33,0.8937165773107789
107,43,0.8937165773107789
100,33,0.8937165773107789
106,43,0.8937165773107789
100,43,0.8937165773107789
8,33,0.8937165773107789
63,43,0.8937165773107789
90,43,0.8937165773107789
95,43,0.8937165773107789
62,43,0.8937165773107789
95,33,0.8937165773107789
63,33,0.8937165773107789
90,33,0.8937165773107789
59,43,0.8937165773107789
8,43,0.8937165773107789
49,43,0.8937165773107789
19,43,0.8937165773107789
24,81,0.8935491578974248
75,264,0.8932869882910749
39,264,0.8932869882910749
88,264,0.8932869882910749
54,89,0.8932138401783178
80,44,0.893140144370317
23,160,0.8926216811946105
9,160,0.8926216811946105
0,313,0.8925534260923411
29,157,0.8918962628908709
77,157,0.8918962628908709
102,157,0.8918962628908709
7,157,0.8918962628908709
76,157,0.8918962628908709
72,157,0.8918962628908709
16,299,0.8913089150902331
16,312,0.8913089150902331
23,144,0.8912231857873025
108,331,0.8909512144660382
75,252,0.8908169721611188
75,310,0.8908169721611188
75,245,0.8908169721611188
21,124,0.8907610852052641
53,147,0.8905179828557573
82,147,0.8905179828557573
9,147,0.8905179828557573
21,147,0.8905179828557573
23,319,0.8902512054597472
42,22,0.8902070503406098
20,329,0.8900978405078331
73,150,0.889979564244988
80,150,0.889979564244988
28,150,0.889979564244988
2,150,0.889979564244988
38,150,0.889979564244988
55,150,0.889979564244988
5,150,0.889979564244988
92,150,0.889979564244988
94,150,0.889979564244988
110,211,0.8894844573819476
74,252,0.8892705004688205
74,223,0.8892705004688205
74,155,0.8892705004688205
21,84,0.8888056578116574
80,329,0.8887241942934959
91,217,0.8873831212247112
9,15,0.8873647026180235
1,277,0.8870364820451953
3,147,0.8867556205992362
77,221,0.8867060832583857
72,221,0.8867060832583857
102,221,0.8867060832583857
76,221,0.8867060832583857
29,221,0.8867060832583857
7,221,0.8867060832583857
23,240,0.8865104913723086
71,252,0.8864382316578502
54,318,0.8860983161423879
21,202,0.8860003332974119
108,147,0.8854227864173289
108,155,0.8854227864173289
88,312,0.8852879840181194
88,299,0.8852879840181194
75,312,0.8852879840181194
39,312,0.8852879840181194
75,299,0.8852879840181194
39,299,0.8852879840181194
9,96,0.8852777061766176
21,96,0.8852777061766176
53,96,0.8852777061766176
82,96,0.8852777061766176
29,237,0.8852609524011523
7,237,0.8852609524011523
74,237,0.8852609524011523
7,6,0.8852609524011523
29,6,0.8852609524011523
74,6,0.8852609524011523
54,152,0.8852424220609564
50,39,0.885181805785432
74,7,0.8848050286079986
7,7,0.8848050286079986
29,7,0.8848050286079986
34,101,0.8846931197189029
42,19,0.8846850904747117
110,48,0.8844952266771785
37,35,0.8844762853279255
60,329,0.8842711546244354
69,44,0.8841465077194849
87,44,0.8841259724160098
40,44,0.8841259724160098
53,294,0.8836182180305028
88,208,0.8836045862003397
75,208,0.8836045862003397
39,208,0.8836045862003397
9,133,0.8833857895022207
29,271,0.8833322712796295
74,271,0.8833322712796295
93,324,0.883215353203233
25,324,0.8830170335403316
105,324,0.8830170335403316
1,324,0.8830170335403316
78,30,0.8825905276973708
42,271,0.8813933045667233
7,207,0.8811917180621278
74,207,0.8811917180621278
29,207,0.8811917180621278
64,150,0.8811175460486076
105,150,0.8811175460486076
25,150,0.8811175460486076
1,150,0.8811175460486076
20,150,0.8811175460486076
34,305,0.8807892786740106
23,305,0.8807892786740106
24,90,0.8806470502328121
37,46,0.8799602906161286
98,42,0.8795585736349408
51,255,0.8794530178787359
84,45,0.8784823539513988
23,273,0.8783270911519502
55,277,0.8773975457987779
28,277,0.8773975457987779
2,277,0.8773975457987779
74,1,0.8771559336400051
70,37,0.8770115829833872
21,108,0.8758741263605703
64,315,0.8752288832930404
99,47,0.8735058060751686
98,37,0.872669164375097
24,85,0.8724991222560681
24,334,0.8724991222560681
24,78,0.8724991222560681
24,43,0.8724991222560681
24,157,0.8724991222560681
91,207,0.8724923900378813
23,157,0.8722279177436465
9,157,0.8722279177436465
94,277,0.8720339197198204
38,277,0.8720339197198204
23,249,0.8715793732316668
11,14,0.8714562509470939
42,195,0.8711598693561288
21,303,0.8708404866131391
9,303,0.8708404866131391
82,303,0.8708404866131391
53,303,0.8708404866131391
91,149,0.8701978099284174
51,153,0.8701081203359464
51,177,0.8701081203359464
42,96,0.8694691250352825
88,329,0.8694190525796215
39,329,0.8694190525796215
72,154,0.8693880629351731
42,188,0.8693038513815279
54,271,0.869289687749626
11,271,0.869289687749626
103,30,0.869221090935009
103,27,0.869221090935009
80,157,0.8691831685243152
3,324,0.8689749020262988
27,41,0.8688292436129185
27,44,0.8688292436129185
27,46,0.8688292436129185
75,222,0.8684503827805606
88,222,0.8684503827805606
39,222,0.8684503827805606
23,321,0.8683961213198326
29,165,0.8683600227484435
7,165,0.8683600227484435
20,157,0.8682281510848952
23,217,0.8680714637592956
21,152,0.8678401832942084
37,135,0.8675264111965454
24,21,0.8675158540045509
11,7,0.8674053343600061
21,141,0.8672096218162161
99,35,0.8668939848313876
91,1,0.8662179659195279
46,46,0.8660711170013178
91,68,0.8660661451908799
51,299,0.8659824702163228
51,312,0.8659824702163228
41,31,0.865904526716191
101,31,0.865904526716191
89,31,0.865904526716191
15,31,0.865904526716191
53,261,0.8656375357831685
21,261,0.8656375357831685
82,261,0.8656375357831685
9,261,0.8656375357831685
74,157,0.8651220657262743
11,112,0.8649202718616905
54,112,0.8649202718616905
89,45,0.8648653600435792
15,45,0.8648653600435792
34,60,0.8648382414864179
23,326,0.8643629579305576
54,173,0.8642072413246421
60,277,0.8641622074682922
99,46,0.8641285904033087
73,245,0.8637434961138826
73,252,0.8637434961138826
91,198,0.8635621496625453
21,56,0.863560462562896
82,313,0.8635324218684105
3,177,0.8631792085861459
3,153,0.8631792085861459
101,42,0.8623262906046079
15,42,0.8623262906046079
41,42,0.8623262906046079
89,42,0.8623262906046079
74,249,0.8623233690598067
24,132,0.8619279392415092
80,282,0.8616985939624173
93,329,0.8615281367998403
88,249,0.8607147686676213
75,249,0.8607147686676213
39,249,0.8607147686676213
99,158,0.8600207717293811
74,201,0.8597606881622408
1,329,0.8597001288784505
25,329,0.8597001288784505
105,329,0.8597001288784505
57,41,0.8596834215834035
36,35,0.8595759929845964
82,146,0.859520655196649
53,146,0.859520655196649
9,146,0.859520655196649
88,292,0.8583205657798376
39,292,0.8583205657798376
75,292,0.8583205657798376
77,8,0.8582960405723504
23,156,0.8577946999824563
75,329,0.8565456743347685
64,282,0.856466759047488
20,282,0.856466759047488
99,151,0.8564294540641435
110,101,0.8563100371533724
12,37,0.8552774290619146
43,41,0.8551926769362964
43,46,0.8551926769362964
88,277,0.854885087874858
39,277,0.854885087874858
75,277,0.854885087874858
20,277,0.8547456798773087
6,219,0.854315390799932
83,219,0.854315390799932
54,87,0.8541237755023936
110,102,0.8536118473114767
99,165,0.8525505491790096
74,10,0.8524756800224914
69,41,0.8520398674587236
54,18,0.8519138016077159
42,55,0.8516480158800985
11,55,0.8516480158800985
29,277,0.8513304382036734
72,277,0.8513304382036734
104,44,0.8511802805597127
54,187,0.8510749088308569
3,158,0.8508743680732722
50,34,0.8508460894031505
46,44,0.8501466385622521
80,45,0.8499893527714132
34,8,0.8498394655243479
39,331,0.8496965160759782
88,331,0.8496965160759782
75,331,0.8496965160759782
21,123,0.8496911841970366
39,324,0.8493978838042746
88,324,0.8493978838042746
24,126,0.8491553801280225
24,98,0.8490827357476025
24,308,0.8487836017994631
24,24,0.8487836017994631
91,244,0.8485758762787345
60,30,0.8480595636225443
60,27,0.8480595636225443
34,196,0.8479986759772363
93,6,0.8477278138884649
60,10,0.8477278138884649
93,10,0.8477278138884649
60,6,0.8477278138884649
0,56,0.8475751999820248
54,288,0.8473425553801002
91,80,0.8467578182096721
54,72,0.8467391221725445
0,307,0.8466566968387343
105,157,0.8461719815792734
57,252,0.8458253282960546
57,245,0.8458253282960546
21,277,0.8457096507564371
105,222,0.8456080283079785
1,222,0.8456080283079785
20,222,0.8456080283079785
64,222,0.8456080283079785
25,222,0.8456080283079785
99,88,0.8455186435355942
80,315,0.8453826050585339
24,241,0.8452225091134593
24,262,0.8446033773973897
55,222,0.8444458796530776
5,222,0.8444458796530776
92,222,0.8444458796530776
93,222,0.8444458796530776
60,222,0.8444458796530776
2,222,0.8444458796530776
28,222,0.8444458796530776
80,222,0.8444458796530776
38,222,0.8444458796530776
94,222,0.8444458796530776
23,215,0.8438136707657735
11,259,0.8437508694219837
74,156,0.8436974555806072
29,156,0.8436974555806072
7,156,0.8436974555806072
2,282,0.8435709050316874
28,282,0.8435709050316874
5,282,0.8435709050316874
38,282,0.8435709050316874
94,282,0.8435709050316874
92,282,0.8435709050316874
55,282,0.8435709050316874
99,26,0.8434273953489042
88,301,0.8433848224031965
75,301,0.8433848224031965
39,301,0.8433848224031965
24,298,0.842920427327696
12,32,0.842749640120668
11,333,0.8427438453945648
80,34,0.8427387745251003
42,303,0.8425121026943024
53,158,0.842299414069797
21,158,0.842299414069797
82,158,0.842299414069797
9,158,0.842299414069797
42,158,0.842299414069797
21,83,0.8420012408290309
54,24,0.8408330957825049
35,44,0.8407209120896278
82,56,0.8405604609997046
77,147,0.8404882105069105
21,1,0.8395651579505096
110,241,0.8395321068388129
105,282,0.8392485438557985
25,282,0.8392485438557985
1,282,0.8392485438557985
110,51,0.8387786815703641
72,235,0.8381808400925831
35,150,0.8381236592466372
108,241,0.8380430739182088
9,134,0.8377187052221055
11,315,0.837671415917809
22,46,0.8367979623937375
54,294,0.8367262249145825
57,150,0.8367099187966132
60,150,0.8367099187966132
26,150,0.8367099187966132
93,150,0.8367099187966132
54,239,0.8366452516740837
80,31,0.8366297122130469
3,160,0.8363800852082743
23,254,0.8363464120118109
91,310,0.8361443650511404
54,132,0.8360396627430344
91,154,0.8356346937461085
47,45,0.8356303675663264
53,223,0.8353542825448463
11,278,0.8352606394419405
57,31,0.8351172675820496
64,34,0.8350512150174224
23,181,0.8348888304082557
3,299,0.8344986872945934
3,312,0.8344986872945934
74,242,0.8341107622181342
51,324,0.8326799771467017
91,236,0.832671825302266
11,142,0.8322132341058167
11,224,0.8322132341058167
11,303,0.8322132341058167
16,147,0.8320171130488626
16,43,0.8315062548605534
42,146,0.8311507849243372
0,26,0.8306572244228229
108,270,0.8304316067169611
20,26,0.8303057499614156
60,282,0.8295786792162213
86,334,0.8290366307065996
74,144,0.8289731629357803
34,74,0.8280134442175919
74,301,0.8276678888609644
82,311,0.8273930491124332
53,311,0.8273930491124332
9,311,0.8273930491124332
34,67,0.8270255642645006
84,43,0.826989799964063
0,289,0.8265501219784197
93,282,0.8264437565933609
43,31,0.826274296667176
72,2,0.8260725675011598
82,23,0.8256517640900289
9,23,0.8256517640900289
53,23,0.8256517640900289
21,23,0.8256517640900289
108,1,0.8253579507518182
54,263,0.8252013561944213
39,275,0.8250651776138834
88,275,0.8250651776138834
75,275,0.8250651776138834
72,289,0.8246680201761747
74,289,0.8246680201761747
16,334,0.8233408688023107
108,292,0.823302649701598
23,162,0.8230438176583744
21,93,0.8230392438625055
21,103,0.8230392438625055
23,260,0.8228022346479834
110,58,0.822659351060498
3,321,0.822650403586357
30,31,0.8225959130267355
9,273,0.8225874632120858
34,107,0.8224494511693059
21,160,0.8218995681857976
110,207,0.821635600740276
37,252,0.8213538606835704
24,10,0.8211011443433657
43,45,0.8207849336556952
54,209,0.8206952020467917
74,221,0.8203687446857245
91,89,0.8200703943331541
13,32,0.8199484808690133
103,334,0.8191791556030241
72,10,0.8191625067852979
64,329,0.8189434958190807
64,324,0.8189434958190807
24,179,0.8184300249342381
91,292,0.8179956588997948
23,219,0.8179321076186175
9,219,0.8179321076186175
76,144,0.8178537008785219
77,144,0.8178537008785219
102,144,0.8178537008785219
29,144,0.8178537008785219
72,144,0.8178537008785219
7,144,0.8178537008785219
57,45,0.8174057150228199
91,88,0.8171146476271129
54,328,0.8169902792164281
75,1,0.8162305316181458
39,1,0.8162305316181458
88,1,0.8162305316181458
110,95,0.8160652779363622
108,264,0.8158643768416265
13,46,0.8157490900368121
82,15,0.8157163931551363
21,271,0.8156102429436535
25,26,0.815075785070213
105,26,0.815075785070213
1,26,0.815075785070213
108,313,0.8149283244954196
3,277,0.814915966441337
76,219,0.8146300793448327
102,219,0.8146300793448327
77,219,0.8146300793448327
11,146,0.8145860673930347
91,19,0.8145280132159747
85,20,0.8140653348154898
7,224,0.8137835666259512
29,224,0.8137835666259512
72,224,0.8137835666259512
11,272,0.8132442340076801
82,228,0.8129401650370801
53,228,0.8129401650370801
110,228,0.8129401650370801
110,282,0.8126419702563861
84,157,0.8123169707857081
65,157,0.8123169707857081
110,113,0.8118672020769991
110,99,0.8118672020769991
34,159,0.8115398192736102
23,281,0.8111385968675221
87,334,0.8109686361619896
40,334,0.8109686361619896
110,323,0.81071421629283
75,248,0.8106686208123476
88,248,0.8106686208123476
39,248,0.8106686208123476
3,41,0.8102018230673101
3,31,0.8102018230673101
3,46,0.8102018230673101
99,187,0.8094661979158321
74,313,0.809363239509075
99,267,0.8087485599242196
21,313,0.8086961133458449
110,302,0.8078664660966707
51,20,0.8077654904588094
51,29,0.8077654904588094
34,104,0.8075929762832148
34,86,0.8075929762832148
39,184,0.8074607998939464
75,174,0.8074607998939464
88,174,0.8074607998939464
39,174,0.8074607998939464
39,202,0.8074607998939464
75,202,0.8074607998939464
88,184,0.8074607998939464
75,184,0.8074607998939464
88,202,0.8074607998939464
82,221,0.8073543169220406
23,247,0.8070760766848397
108,211,0.8070030484264772
21,236,0.8069251082083464
110,64,0.8064601247443617
15,32,0.8058419786328799
41,32,0.8058419786328799
101,32,0.8058419786328799
89,32,0.8058419786328799
81,34,0.8054935812315799
66,44,0.8052481982214902
110,136,0.8051025823006953
74,310,0.8026600717552057
72,310,0.8026600717552057
0,46,0.8026327179922745
91,270,0.801530018384054
16,36,0.8014794553057089
42,119,0.8011961486092085
42,223,0.8008042324830322
108,160,0.800700344565445
96,42,0.8006165032299187
91,134,0.8004097839132206
75,33,0.7999390286976868
75,43,0.7999390286976868
91,297,0.7996124880226502
29,23,0.7993797484259889
7,23,0.7993797484259889
74,23,0.7993797484259889
65,43,0.7992684083315944
91,308,0.798962208677538
34,202,0.7989191182322196
91,57,0.7985306538943721
0,147,0.7982976686759913
23,317,0.7976525054938268
37,223,0.7971765221756003
23,307,0.7967163106573714
50,219,0.7965974774401798
18,157,0.7961265384149646
88,136,0.7940158371781378
39,306,0.7940158371781378
39,136,0.7940158371781378
88,306,0.7940158371781378
75,136,0.7940158371781378
75,306,0.7940158371781378
71,277,0.7936134660977178
78,33,0.7935536716617481
78,43,0.7935536716617481
99,160,0.7933230599750736
31,41,0.7929633038886136
16,215,0.7928949149370071
29,274,0.7925910961676657
7,274,0.7925910961676657
72,290,0.7915166204303233
108,247,0.7911011369150281
80,41,0.7910968212770036
0,34,0.790931536623202
27,334,0.7908336986154336
64,157,0.7903813238280322
11,83,0.7900734094595356
42,83,0.7900734094595356
75,219,0.7899820728873126
36,221,0.7897065091963638
99,222,0.7896531577260121
0,165,0.7894706038929722
54,272,0.7885411924344417
77,46,0.7883533982171891
76,46,0.7883533982171891
102,46,0.7883533982171891
11,332,0.788298843505801
34,130,0.7880974272185676
50,252,0.7879858926871454
42,135,0.7871614839342999
39,232,0.7870131185432404
88,232,0.7870131185432404
75,232,0.7870131185432404
75,324,0.7865802266697893
47,31,0.7865473538756667
60,26,0.7865151339468182
80,155,0.7864709982150364
80,299,0.7864709982150364
80,312,0.7864709982150364
0,325,0.7863044183072233
75,278,0.7862152491892396
39,278,0.7862152491892396
88,278,0.7862152491892396
24,94,0.786045195764013
77,280,0.7853213855484114
77,7,0.7850440813773799
0,155,0.7850230904801624
21,144,0.7847659818365209
42,282,0.784738152350376
21,221,0.7846508101769619
91,265,0.7845630066763633
54,69,0.7840468219540874
76,47,0.7838055333939241
102,47,0.7838055333939241
77,47,0.7838055333939241
29,242,0.7836288803932662
7,242,0.7836288803932662
51,329,0.7834863799031717
34,278,0.7821093072346963
3,20,0.7813989008017216
3,29,0.7813989008017216
67,45,0.7812708999662862
74,331,0.7809240584226271
72,331,0.7809240584226271
53,307,0.7806020107261178
21,98,0.7771784788359289
74,88,0.777047548061606
72,88,0.777047548061606
51,26,0.776249068859678
4,46,0.7759102024098451
4,41,0.7759102024098451
72,241,0.7759086137703365
108,265,0.7754892664543171
39,34,0.7754292855698369
88,34,0.7754292855698369
75,34,0.7754292855698369
0,324,0.7754163549491279
16,277,0.7735872829460635
53,135,0.7731286534451729
69,32,0.7728488395874992
42,154,0.7727614461857127
42,144,0.7721877150786446
42,249,0.7716578631280315
57,43,0.7716048280377593
23,294,0.7703631498885474
74,47,0.7698557984759506
91,153,0.7696669220429598
7,164,0.7696517313898885
29,164,0.7696517313898885
3,26,0.7693210312510546
75,157,0.7689367009775541
108,135,0.7688967281214557
13,44,0.7688648693943648
48,45,0.7686845136563458
58,45,0.7686845136563458
0,88,0.7686755194963072
34,188,0.7677691643953116
34,178,0.7677691643953116
91,126,0.7676790762327068
24,4,0.7669216649837355
24,9,0.7669216649837355
24,5,0.7669216649837355
24,3,0.7669216649837355
23,227,0.765093108509396
99,23,0.7650189924395029
79,46,0.7649518415758563
74,236,0.7647036261418718
7,236,0.7647036261418718
29,236,0.7647036261418718
91,267,0.7646268434566487
99,224,0.7645033352592633
24,6,0.764442163712604
75,218,0.764428494157241
39,218,0.764428494157241
88,218,0.764428494157241
24,219,0.7643168184732294
31,31,0.7642882936561413
74,292,0.7638563640885851
53,162,0.7637291246029063
110,186,0.7631026715028086
42,204,0.7629738706150223
11,204,0.7629738706150223
91,61,0.7627127167965599
29,330,0.7625735531711267
74,330,0.7625735531711267
7,330,0.7625735531711267
36,137,0.7621174637378975
36,15,0.7621174637378975
34,158,0.760595316658439
80,29,0.7602602025326701
35,33,0.7601933437374336
35,45,0.7601933437374336
35,43,0.7601933437374336
16,252,0.7599987027019549
110,208,0.7593459732947049
91,305,0.7591026308539395
23,125,0.7588494949545839
42,134,0.7587620502015365
68,33,0.7587574251764172
72,249,0.758076562357562
21,146,0.7575126515536089
23,38,0.7567358735109619
39,29,0.7567074937684981
88,20,0.7567074937684981
75,20,0.7567074937684981
39,20,0.7567074937684981
88,29,0.7567074937684981
75,29,0.7567074937684981
53,52,0.7565740472649203
82,52,0.7565740472649203
21,52,0.7565740472649203
9,52,0.7565740472649203
39,160,0.756117718010966
75,160,0.756117718010966
88,160,0.756117718010966
11,296,0.7547176125877771
42,70,0.754576261925867
11,70,0.754576261925867
51,36,0.7543911190231226
51,40,0.7543911190231226
51,35,0.7543911190231226
68,32,0.7542705187656406
75,235,0.7538398153657506
88,235,0.7538398153657506
39,235,0.7538398153657506
23,48,0.7534033892665041
42,132,0.753293049394906
11,132,0.753293049394906
110,20,0.7528942289528205
75,236,0.7527383866966656
39,236,0.7527383866966656
88,236,0.7527383866966656
88,225,0.7527383866966656
75,225,0.7527383866966656
39,225,0.7527383866966656
21,62,0.751665410311801
108,150,0.7515869595992808
93,26,0.7509181234604622
110,128,0.750037099891696
