disease,SnoRNA,Score
23,64,0.9950501412003536
23,87,0.9943754741038332
23,142,0.9943393766109144
11,24,0.9939855311322948
11,146,0.9939480669203724
84,33,0.9934498011165462
98,44,0.9934498011165462
84,334,0.9934498011165462
84,37,0.9934498011165462
98,37,0.9934498011165462
98,334,0.9934498011165462
84,44,0.9934498011165462
23,95,0.9933244786521714
34,156,0.993185499194274
11,242,0.993185499194274
11,330,0.993185499194274
34,242,0.993185499194274
23,67,0.9931790632355528
23,70,0.9930643282759912
23,130,0.9929910133198926
91,19,0.9926398329388344
7,19,0.9926398329388344
74,19,0.9926398329388344
108,19,0.9926398329388344
6,41,0.992536440342384
6,44,0.9925014099751602
6,334,0.9925014099751602
34,187,0.992408601993263
83,37,0.9921812910528408
83,44,0.9921812910528408
11,298,0.992047445505086
11,22,0.9919725279222688
11,140,0.9919549579688008
11,71,0.9919549579688008
11,54,0.9918755327551196
11,230,0.9918755327551196
11,281,0.9917130990302572
34,139,0.991508219800489
11,139,0.991508219800489
34,180,0.9911634792284084
11,14,0.9910073605024278
34,186,0.9910070865678922
11,225,0.9909779641518792
11,205,0.9909779641518792
11,304,0.9909779641518792
11,220,0.9909201247146244
11,190,0.9909201247146244
11,227,0.9909201247146244
11,276,0.9909201247146244
11,275,0.9909201247146244
11,162,0.9909201247146244
11,317,0.9909201247146244
11,217,0.9909201247146244
11,167,0.9909201247146244
11,174,0.9909201247146244
11,239,0.9907914384615816
11,308,0.9907914384615816
11,269,0.990569038800348
11,327,0.990569038800348
11,305,0.990569038800348
34,151,0.9905458656715248
82,114,0.9903232189796404
24,114,0.9903232189796404
24,118,0.9903232189796404
24,117,0.9903232189796404
82,118,0.9903232189796404
24,98,0.990275063974826
24,99,0.990275063974826
34,198,0.9902398719551556
6,27,0.9898998152383948
16,31,0.9897973757656164
11,326,0.9896085808852114
34,67,0.989322296607328
108,2,0.9893156612969076
91,2,0.9893156612969076
34,305,0.9892418957959316
50,45,0.9889393328929056
34,189,0.9886215010623652
24,124,0.988562299808153
24,94,0.988562299808153
23,63,0.988562299808153
24,78,0.988562299808153
82,62,0.988562299808153
24,63,0.988562299808153
24,85,0.988562299808153
24,62,0.988562299808153
88,21,0.9885567963796528
51,21,0.9885567963796528
98,30,0.9885499025708844
16,44,0.9885384518416376
24,61,0.9884540984749032
98,41,0.9883973795678048
39,36,0.9882926934456344
39,52,0.9882926934456344
51,52,0.9882926934456344
88,52,0.9882926934456344
51,191,0.9882926934456344
39,191,0.9882926934456344
88,36,0.9882926934456344
51,36,0.9882926934456344
39,15,0.9882926934456344
51,15,0.9882926934456344
88,15,0.9882926934456344
88,191,0.9882926934456344
24,93,0.9881608118213986
24,79,0.9881608118213986
87,44,0.9881326187992095
89,44,0.9881326187992095
66,44,0.9881326187992095
15,44,0.9881326187992095
89,37,0.9881326187992095
87,37,0.9881326187992095
89,33,0.9881326187992095
87,334,0.9881326187992095
89,334,0.9881326187992095
15,334,0.9881326187992095
15,37,0.9881326187992095
66,37,0.9881326187992095
66,334,0.9881326187992095
15,33,0.9881326187992095
11,224,0.988125086784758
65,45,0.9881170009871234
34,188,0.9880815478382634
99,147,0.9880276213282644
82,53,0.9876170781217832
24,53,0.9876170781217832
39,21,0.9876134344927824
34,325,0.9875632727771334
24,50,0.9875107276459444
108,147,0.9871308839029594
7,147,0.9871308839029594
74,147,0.9871308839029594
24,103,0.987043485942868
82,134,0.98690890960157
34,181,0.9867863244285818
34,183,0.9867863244285818
34,1,0.9866658684218096
11,102,0.98658696522569
11,333,0.9865209751613538
11,253,0.9865209751613538
11,259,0.9864799643033888
11,163,0.9864799643033888
11,218,0.9864799643033888
83,31,0.9863825280429568
34,114,0.9861677599245848
81,37,0.9860960404206496
18,37,0.9860960404206496
65,334,0.9860960404206496
65,37,0.9860960404206496
12,334,0.9860960404206496
12,37,0.9860960404206496
81,44,0.9860960404206496
18,334,0.9860960404206496
31,334,0.9860960404206496
12,44,0.9860960404206496
18,44,0.9860960404206496
24,134,0.986003391257899
24,73,0.986003391257899
82,144,0.9859605545642168
34,0,0.9858161976189396
108,177,0.9856627221650952
74,177,0.9856627221650952
11,295,0.9856239477985664
23,146,0.9855446560833084
34,102,0.985403484156706
11,13,0.9852508684440648
11,201,0.9851901437691551
97,44,0.985002771537863
97,334,0.985002771537863
97,33,0.985002771537863
97,37,0.985002771537863
24,95,0.9849891631218824
23,2,0.9849057000039456
24,91,0.9847749757575256
7,2,0.9847553822802488
74,2,0.9847553822802488
37,45,0.9847114618523108
11,114,0.984668907928231
34,115,0.984590542875159
11,123,0.9843986905524784
11,63,0.9843443284583492
99,46,0.9842966940729736
34,98,0.9842438017052793
34,117,0.9842438017052793
34,126,0.9842086805605796
34,147,0.984114303359767
99,42,0.9840999924759116
99,47,0.9840999924759116
99,26,0.9840999924759116
99,39,0.9840999924759116
74,21,0.9840678978647946
91,21,0.9840678978647946
108,21,0.9840678978647946
7,21,0.9840678978647946
9,114,0.984033932447696
11,67,0.9839786189056252
24,110,0.9839596743410102
82,110,0.9839596743410102
23,126,0.9838904941571752
24,126,0.9838904941571752
11,213,0.9838462958270008
82,88,0.9838124573893984
82,111,0.9838124573893984
98,27,0.9837758897297674
11,206,0.983741173823
34,206,0.983741173823
11,210,0.983741173823
23,91,0.9837324051592726
23,101,0.9837324051592726
34,62,0.9835050532050716
34,124,0.9835050532050716
34,78,0.9835050532050716
110,54,0.983387576012985
24,115,0.98337412038863
24,113,0.98337412038863
82,115,0.98337412038863
96,41,0.983233205154227
11,144,0.983166926419426
34,29,0.983073524359486
11,256,0.9830412747311664
11,320,0.9830412747311664
11,257,0.9830412747311664
11,258,0.9830412747311664
42,142,0.982906542574825
30,334,0.982866408758807
30,37,0.982866408758807
30,33,0.982866408758807
42,7,0.9828076816633348
34,20,0.982793409351442
11,62,0.9827931505274754
57,44,0.9826099238730484
57,33,0.9826099238730484
57,334,0.9826099238730484
24,123,0.9825569096850292
24,88,0.9825569096850292
24,231,0.9825569096850292
24,111,0.9825569096850292
83,41,0.9825079911805202
0,155,0.982478903219706
23,100,0.9823877398724252
82,222,0.9823620827196976
24,222,0.9823620827196976
23,222,0.9823620827196976
24,68,0.982294349072128
53,68,0.982294349072128
53,90,0.982294349072128
24,90,0.982294349072128
82,68,0.982294349072128
11,294,0.9822242186103306
21,235,0.9822017621016054
26,33,0.9821844911616868
39,141,0.9820114385727546
88,141,0.9820114385727546
34,118,0.981998410673577
34,99,0.981998410673577
99,43,0.9819673663921512
99,45,0.9819673663921512
34,69,0.981899556353186
99,19,0.9818369969138844
53,67,0.9818203172088976
24,67,0.9818203172088976
37,334,0.9817930486514228
102,41,0.981672271507991
6,32,0.9816426230605056
82,147,0.9816410756213662
88,196,0.9816382135478664
51,206,0.9816382135478664
88,206,0.9816382135478664
51,196,0.9816382135478664
51,200,0.9816382135478664
4,44,0.9816084789668712
4,37,0.9816084789668712
53,144,0.9816031988086548
42,114,0.9815627392394484
54,114,0.9815627392394484
34,177,0.9815515097518168
6,31,0.98136276503749
99,10,0.981323605135422
14,33,0.9812898561914252
109,33,0.9812898561914252
101,33,0.9812898561914252
44,33,0.9812898561914252
27,31,0.9812746444062174
108,219,0.9812496963691748
7,219,0.9812496963691748
24,307,0.9811570946132164
34,204,0.9811477189601866
99,31,0.9811303454725552
3,15,0.9811085605368328
3,36,0.9811085605368328
24,54,0.9810914416691828
34,165,0.980994745456184
78,45,0.9809923768147512
23,58,0.9809085650180558
11,118,0.980840144297104
23,152,0.9807966543814416
23,158,0.9807966543814416
24,80,0.9807583215699132
82,73,0.9807403114885112
54,115,0.9806787202982856
21,115,0.9806787202982856
39,206,0.9806245695238368
39,200,0.9806245695238368
39,196,0.9806245695238368
34,26,0.9805895554788826
34,47,0.9805895554788826
34,42,0.9805895554788826
34,35,0.9805895554788826
34,39,0.9805895554788826
42,158,0.9805730074018176
24,147,0.9804831724209522
24,34,0.9804587210760428
24,37,0.9804587210760428
24,45,0.9804587210760428
24,334,0.9804587210760428
24,41,0.9804587210760428
24,44,0.9804587210760428
24,26,0.9804587210760428
24,39,0.9804587210760428
24,27,0.9804587210760428
24,43,0.9804587210760428
24,31,0.9804587210760428
24,32,0.9804587210760428
24,33,0.9804587210760428
42,222,0.9804497426533436
54,222,0.9804497426533436
108,274,0.9804456468280588
34,73,0.9804394358734188
102,297,0.98037397433617
11,261,0.9801871201907576
24,101,0.9801695930517894
72,19,0.9800401849680562
76,19,0.9800401849680562
23,23,0.9800116880291476
24,130,0.9800072864724017
82,130,0.9800072864724017
108,201,0.9799822890819676
74,201,0.9799822890819676
29,62,0.9799763014584346
24,216,0.9799755246561774
24,160,0.9799660358489546
21,147,0.9799291845520556
91,62,0.9799267272287872
7,62,0.9799267272287872
72,62,0.9799267272287872
108,62,0.9799267272287872
76,62,0.9799267272287872
74,62,0.9799267272287872
54,314,0.9799165549206272
7,10,0.97989044289867
74,10,0.97989044289867
108,10,0.97989044289867
21,98,0.9798603383147504
21,117,0.9798603383147504
42,117,0.9798603383147504
54,117,0.9798603383147504
54,98,0.9798603383147504
42,98,0.9798603383147504
42,200,0.9797499060970204
9,111,0.9797368851218312
9,121,0.9797116272426268
42,40,0.9795346472727928
42,24,0.9795346472727928
21,307,0.9795055996657732
21,249,0.9795055996657732
42,146,0.97942478182285
53,2,0.9793458973366732
24,2,0.9793458973366732
82,2,0.9793458973366732
53,147,0.9792085965674324
42,95,0.9791850852182484
84,27,0.9791829771192804
9,94,0.9791740177829616
36,334,0.9791050716692664
36,44,0.9791050716692664
36,33,0.9791050716692664
65,31,0.9791042278551738
81,31,0.9791042278551738
54,211,0.9790260985014791
74,222,0.9790216675688728
108,222,0.9790216675688728
78,37,0.9789499832369356
78,44,0.9789499832369356
78,33,0.9789499832369356
110,63,0.9789242701785864
110,94,0.9789242701785864
21,126,0.9789218312238708
54,126,0.9789218312238708
54,63,0.9789218312238708
53,78,0.9788910415856166
53,57,0.9788069044059698
110,281,0.978771665340166
54,232,0.9787484264166648
11,223,0.9786586322285328
9,2,0.9786193593481116
102,245,0.978617102178614
21,264,0.9786074035128064
54,264,0.9786074035128064
53,132,0.9785869625586876
99,44,0.978520696547196
99,41,0.978520696547196
99,33,0.978520696547196
99,37,0.978520696547196
99,27,0.978520696547196
99,32,0.978520696547196
11,233,0.9785112095380086
53,77,0.978454681892554
53,91,0.978454681892554
82,91,0.978454681892554
53,74,0.978454681892554
53,40,0.97842063967478
82,40,0.97842063967478
91,157,0.9784042379349684
42,130,0.978396750989097
23,54,0.9783751247473744
23,281,0.9783751247473744
54,134,0.9782246973590104
75,30,0.9782176899676948
34,301,0.9781794237464684
42,249,0.9781466344151016
42,307,0.9781466344151016
24,135,0.9781366930539602
21,124,0.9780362191713636
54,78,0.9780362191713636
21,62,0.9780362191713636
54,62,0.9780362191713636
54,124,0.9780362191713636
42,124,0.9780362191713636
96,27,0.9780329109444752
24,277,0.977982052362288
21,95,0.977710911025919
21,144,0.9776677170321098
22,45,0.9775998759835872
34,87,0.9775969044993186
75,31,0.9774891990677318
0,34,0.977405588673039
9,152,0.9773986870194156
24,107,0.9773579325717142
34,111,0.97735501460079
24,40,0.9773191699297769
67,41,0.9773158294330132
110,246,0.9772559233763451
42,144,0.9772243926361546
54,144,0.9772243926361546
54,20,0.9771696072353426
24,75,0.9771500788098062
24,132,0.9771500788098062
42,160,0.9770465284338916
54,99,0.9769708637456678
42,99,0.9769708637456678
21,118,0.9769708637456678
54,118,0.9769708637456678
42,118,0.9769708637456678
24,177,0.9769523867428256
21,177,0.9768980045805016
6,39,0.9768391263163916
54,69,0.9768288001150968
42,248,0.976782260089138
65,30,0.9766920947893286
18,30,0.9766920947893286
81,30,0.9766920947893286
31,30,0.9766920947893286
31,32,0.9766920947893286
12,32,0.9766920947893286
65,32,0.9766920947893286
21,119,0.9766412613804468
42,291,0.9766318325051654
42,318,0.9766318325051654
42,330,0.9766318325051654
42,242,0.9766318325051654
24,330,0.9765594549322196
34,302,0.9765048135387612
102,255,0.9764842345223952
82,123,0.976406729769808
82,57,0.976406729769808
23,140,0.9763970263719494
23,22,0.9763970263719494
23,132,0.9763970263719494
23,71,0.9763970263719494
11,88,0.9763817412007711
11,231,0.9763817412007711
110,287,0.9763725276874607
82,19,0.976283091814516
91,1,0.9762117924633106
21,316,0.9760617093480836
21,19,0.9760617093480836
50,37,0.9760589580895312
50,44,0.9760589580895312
50,334,0.9760589580895312
110,218,0.9760353866186966
85,37,0.9759160428415218
85,334,0.9759160428415218
85,33,0.9759160428415218
23,110,0.9759005613560912
42,110,0.9758668948275748
21,21,0.9757742262125474
23,7,0.9757575819601118
6,245,0.9757435991512644
6,42,0.9757435991512644
42,94,0.9756691177369228
34,94,0.9756691177369228
54,94,0.9756691177369228
98,45,0.9756345998866444
24,133,0.975517536934178
11,134,0.9754753329168728
24,66,0.9754673197760932
21,207,0.9754459126115532
24,84,0.9754136522448928
54,328,0.9754109768200828
21,219,0.975369845517587
11,111,0.9753482554788068
74,264,0.9753254273495698
108,264,0.9753254273495698
91,264,0.9753254273495698
0,329,0.9753239789026784
24,106,0.975318519047362
21,15,0.9752854956704118
54,270,0.9752854956704118
54,331,0.9752854956704118
21,331,0.9752854956704118
54,15,0.9752854956704118
21,270,0.9752854956704118
91,46,0.9752087415394798
74,46,0.9752087415394798
72,329,0.9752087415394798
74,329,0.9752087415394798
76,46,0.9752087415394798
108,46,0.9752087415394798
72,46,0.9752087415394798
7,46,0.9752087415394798
82,207,0.9752046189160756
54,11,0.975161634850052
111,94,0.975161589889604
111,63,0.975161589889604
111,78,0.975161589889604
24,152,0.9751476491130338
24,158,0.9751476491130338
99,255,0.9751353118047318
53,72,0.975133057795419
24,72,0.975133057795419
82,72,0.975133057795419
102,44,0.9751053464234086
102,30,0.9751053464234086
102,334,0.9751053464234086
102,37,0.9751053464234086
11,313,0.9751020517264526
72,43,0.9750769612192236
108,33,0.9750769612192236
76,31,0.9750769612192236
108,43,0.9750769612192236
91,43,0.9750769612192236
72,39,0.9750769612192236
91,39,0.9750769612192236
74,39,0.9750769612192236
91,34,0.9750769612192236
108,39,0.9750769612192236
7,39,0.9750769612192236
74,34,0.9750769612192236
74,32,0.9750769612192236
76,34,0.9750769612192236
91,33,0.9750769612192236
72,34,0.9750769612192236
108,34,0.9750769612192236
76,39,0.9750769612192236
7,34,0.9750769612192236
72,32,0.9750769612192236
108,32,0.9750769612192236
7,42,0.9750769612192236
91,31,0.9750769612192236
74,31,0.9750769612192236
108,31,0.9750769612192236
108,41,0.9750769612192236
91,47,0.9750769612192236
74,27,0.9750769612192236
91,26,0.9750769612192236
72,47,0.9750769612192236
74,47,0.9750769612192236
74,45,0.9750769612192236
108,45,0.9750769612192236
108,47,0.9750769612192236
72,42,0.9750769612192236
108,42,0.9750769612192236
74,42,0.9750769612192236
108,26,0.9750769612192236
108,27,0.9750769612192236
74,43,0.9750769612192236
74,44,0.9750769612192236
76,47,0.9750769612192236
74,26,0.9750769612192236
72,26,0.9750769612192236
108,44,0.9750769612192236
108,37,0.9750769612192236
7,47,0.9750769612192236
7,26,0.9750769612192236
42,147,0.9750686080474676
24,92,0.9750535651407668
24,219,0.9750263202774904
22,44,0.9749726401017044
22,33,0.9749726401017044
22,334,0.9749726401017044
22,37,0.9749726401017044
42,90,0.97493936575169
24,223,0.9749257121917548
68,33,0.9749017738054728
68,44,0.9749017738054728
68,334,0.9749017738054728
54,207,0.9748505648187312
54,226,0.9748459322166856
54,88,0.9748098978607542
54,19,0.9748098978607542
54,316,0.9748098978607542
21,131,0.974807588915188
99,222,0.9747462724049738
74,307,0.9747335413778366
7,307,0.9747335413778366
71,245,0.974714690125004
57,30,0.9746516627209234
57,32,0.9746516627209234
42,134,0.9746248153838464
111,99,0.9746237414776886
111,50,0.9746237414776886
36,245,0.9745690114078784
42,91,0.9745620733039264
24,19,0.9745284136940044
7,164,0.9745086238125176
74,164,0.9745086238125176
42,61,0.974491163602258
42,85,0.974491163602258
34,85,0.974491163602258
34,61,0.974491163602258
21,61,0.974491163602258
54,61,0.974491163602258
54,85,0.974491163602258
54,73,0.974467211552714
42,282,0.9744637157495316
68,45,0.9744292651008316
53,54,0.9743064055371716
11,53,0.9742628951740546
54,25,0.97422971588094
24,81,0.9741774951273532
54,46,0.9741489893540376
54,26,0.9741489893540376
54,37,0.9741489893540376
42,26,0.9741489893540376
42,46,0.9741489893540376
21,37,0.9741489893540376
42,39,0.9741489893540376
54,35,0.9741489893540376
54,329,0.9741489893540376
54,41,0.9741489893540376
54,34,0.9741489893540376
42,34,0.9741489893540376
54,33,0.9741489893540376
54,39,0.9741489893540376
21,39,0.9741489893540376
21,329,0.9741489893540376
21,334,0.9741489893540376
42,329,0.9741489893540376
54,44,0.9741489893540376
54,31,0.9741489893540376
54,43,0.9741489893540376
54,30,0.9741489893540376
21,42,0.9741489893540376
29,46,0.974138826123352
29,37,0.974138826123352
29,329,0.974138826123352
24,207,0.9740994761295276
24,122,0.9740941238811548
54,197,0.9740815386687756
23,202,0.9740550600527677
24,109,0.974030947432859
54,79,0.9739897661233292
34,79,0.9739897661233292
23,40,0.9738813847681734
75,37,0.973786938627218
75,44,0.973786938627218
9,134,0.973744711637193
24,303,0.973709446273026
24,218,0.973709446273026
22,41,0.973692696503214
11,78,0.9736528348307708
11,124,0.9736528348307708
67,31,0.973576728226794
74,282,0.973571440764831
82,36,0.9735663327086655
53,36,0.9735663327086655
21,10,0.9735191432129636
21,6,0.9735191432129636
42,50,0.9733082679829708
34,50,0.9733082679829708
21,50,0.9733082679829708
54,50,0.9733082679829708
21,36,0.9731737787092112
34,138,0.973101347947585
0,157,0.9730642825271824
53,99,0.973042627857744
53,50,0.973042627857744
42,277,0.972982849045966
42,324,0.972982849045966
42,245,0.972982849045966
54,277,0.972982849045966
110,224,0.972964957774934
42,103,0.9729387752770512
54,103,0.9729387752770512
53,10,0.9729277022460971
11,135,0.972815510110236
11,247,0.972815510110236
9,78,0.9727481520575968
21,164,0.9727353405139472
23,294,0.97269131630494
23,113,0.9726519366623037
42,151,0.9726198875233488
9,36,0.9726024748521604
34,200,0.972596589974568
54,80,0.9725892345288624
34,80,0.9725892345288624
54,218,0.9725075541141804
54,54,0.9724726959542268
42,69,0.9724671203036468
21,23,0.9724644760455362
11,73,0.9724174489355296
53,264,0.9723205678348248
53,58,0.9722990969049572
77,245,0.9722694967031268
34,110,0.9722576016088572
47,45,0.9722290117452164
47,33,0.9722290117452164
26,43,0.9721936310143336
42,67,0.9721565396265122
12,245,0.972134409129912
81,245,0.972134409129912
91,151,0.9721127242816622
108,151,0.9721127242816622
30,32,0.9719669930415086
54,146,0.971926372042315
11,216,0.9718605281935124
11,234,0.9718605281935124
24,291,0.9718257888861276
24,82,0.971822392826494
110,27,0.971730880267154
110,34,0.971730880267154
110,39,0.971730880267154
21,116,0.9716965993573888
21,135,0.9716751486961172
21,273,0.9716698322528916
54,151,0.9716544662094672
21,151,0.9716544662094672
23,278,0.9716474575411788
53,222,0.9716133831502892
54,330,0.9715339129074484
21,280,0.9715335322388564
54,280,0.9715335322388564
11,117,0.9715190709009938
9,1,0.9714695694148048
54,293,0.9713823767559244
108,290,0.9713807029403344
74,290,0.9713807029403344
42,279,0.9713654609717428
42,177,0.9713654609717428
42,2,0.971337909110197
110,19,0.971302644285997
98,32,0.971278260235502
21,222,0.9712425220470988
54,287,0.9711829543345322
9,120,0.971107316601745
24,255,0.971077061765084
42,75,0.9710713074163192
42,140,0.9710713074163192
42,208,0.9710713074163192
42,71,0.9710713074163192
42,236,0.9710713074163192
42,22,0.9710713074163192
42,295,0.9710713074163192
11,69,0.9710354550636272
88,147,0.9710028335060203
42,204,0.9709988063426588
42,186,0.9709437269807536
65,41,0.9709401311473304
21,56,0.9709388621900322
53,81,0.9708433763038284
102,46,0.9707542779822056
102,277,0.9707542779822056
110,205,0.9707262140677126
42,298,0.9707035303345908
11,99,0.9706964134268192
11,98,0.9706964134268192
54,234,0.9706767807904652
54,216,0.9706767807904652
108,224,0.9706410452284568
24,60,0.9706272117911438
82,116,0.9706050026983686
24,116,0.9706050026983686
24,224,0.9705928102501684
24,71,0.9705928102501684
21,132,0.9705125147096064
21,86,0.970470472538705
110,96,0.9704577478600984
42,207,0.9704069085495348
23,165,0.9704027088275812
54,247,0.9703521431995022
88,252,0.9702342679900076
51,19,0.9701388684596752
39,19,0.9701388684596752
88,19,0.9701388684596752
42,54,0.9701300966620386
23,144,0.9701133774978824
42,281,0.970110209387946
11,94,0.9700630502557416
24,22,0.9700126738876504
24,140,0.9700126738876504
91,297,0.969985468018074
42,113,0.9699355152055292
99,40,0.969923165599428
42,92,0.9698977951879738
23,59,0.9698870498926876
34,7,0.9697998375634692
11,7,0.9697998375634692
82,6,0.9697898812118922
82,10,0.9697898812118922
11,192,0.96978570230137
99,28,0.9697768054708176
54,140,0.9697718720352912
54,24,0.9697522140279574
36,31,0.9696840117984106
110,197,0.9696573428730296
42,88,0.969650149934004
42,19,0.969650149934004
42,231,0.969650149934004
42,102,0.9694893680057884
78,30,0.969483656443891
78,32,0.969483656443891
26,30,0.9694261756261828
82,264,0.9694033902260104
23,264,0.9694033902260104
24,264,0.9694033902260104
21,111,0.9693910533562295
54,56,0.9693904723485322
39,280,0.9693763820130528
51,280,0.9693763820130528
88,280,0.9693763820130528
54,93,0.9693187064353758
34,93,0.9693187064353758
42,93,0.9693187064353758
23,28,0.9691986592724844
54,53,0.9690581387927378
34,53,0.9690581387927378
42,53,0.9690581387927378
11,115,0.9690324816266273
31,45,0.9690265693011932
89,41,0.9689995107089668
87,41,0.9689995107089668
66,41,0.9689995107089668
15,41,0.9689995107089668
53,19,0.9688847821094648
42,132,0.96888316638695
54,192,0.9688310259538612
53,75,0.9687396867956136
82,75,0.9687396867956136
11,249,0.968733132722935
11,307,0.968733132722935
54,123,0.9686191614511652
54,111,0.9686191614511652
77,297,0.968592968177115
21,121,0.9685914687294443
54,178,0.968576489847646
77,27,0.9685737208731822
77,44,0.9685737208731822
77,334,0.9685737208731822
77,45,0.9685737208731822
11,208,0.9685600383296876
22,46,0.9685199978101912
22,26,0.9685199978101912
21,64,0.968491570156816
21,72,0.968491570156816
110,284,0.9684634668790942
1,252,0.9684560076170092
110,99,0.9684279809856
76,157,0.9683553849769314
74,157,0.9683553849769314
7,157,0.9683553849769314
72,157,0.9683553849769314
108,157,0.9683553849769314
69,44,0.9683439649473108
69,37,0.9683439649473108
69,33,0.9683439649473108
54,224,0.9683232429416694
108,202,0.9682899998097884
91,202,0.9682899998097884
24,56,0.9682873103183304
54,305,0.9681624918563452
37,245,0.9681429023650834
54,250,0.9681028241626738
54,71,0.9681028241626738
108,252,0.9680987442906271
74,252,0.9680987442906271
54,22,0.9680642519893424
88,155,0.968023642196572
39,299,0.968023642196572
88,299,0.968023642196572
79,33,0.967998031044446
29,78,0.9678719905483908
76,78,0.967870123293622
74,78,0.967870123293622
7,78,0.967870123293622
91,78,0.967870123293622
72,78,0.967870123293622
108,78,0.967870123293622
42,308,0.9678098968798118
42,162,0.9678098968798118
42,303,0.9678098968798118
42,284,0.9678098968798118
42,217,0.9678098968798118
42,60,0.9678002417091448
87,30,0.9676769064221672
15,30,0.9676769064221672
66,30,0.9676769064221672
89,30,0.9676769064221672
24,1,0.9676364682255484
84,45,0.9676311136897522
42,73,0.967452521376384
65,47,0.9674181328042504
12,47,0.9674181328042504
9,116,0.9674020185071008
29,157,0.9673830590736724
34,109,0.9673823347658458
53,87,0.9672841486240998
82,87,0.9672841486240998
24,87,0.9672841486240998
42,304,0.9672638486505656
42,205,0.9672638486505656
42,14,0.9672638486505656
21,303,0.967009711908112
54,67,0.9669959941051762
11,209,0.9669621065276665
54,195,0.9669600678021684
23,224,0.9669434184432064
53,88,0.9669219754851262
24,59,0.9669170876407708
54,205,0.9668856981035062
110,243,0.9668424340204652
24,69,0.9668123333068084
42,305,0.9667548300394156
9,50,0.966705286941692
97,31,0.9666906473510868
24,96,0.9666759011824998
54,291,0.9665361534437
54,262,0.9665361534437
54,318,0.9665361534437
42,293,0.966531265352614
13,33,0.966512048168289
42,255,0.9665099076391712
54,255,0.9665099076391712
99,56,0.9665066339496172
0,45,0.966477715333777
111,114,0.9664743809546134
111,124,0.9664743809546134
111,118,0.9664743809546134
111,62,0.9664743809546134
111,85,0.9664743809546134
111,117,0.9664743809546134
82,307,0.9664736064167236
67,44,0.9663708670391852
67,37,0.9663708670391852
23,291,0.966324360060977
23,330,0.966324360060977
42,292,0.9662638650322763
9,130,0.9662620573872144
11,142,0.9662290633354712
82,122,0.9661724940821748
21,69,0.9661099244797146
11,238,0.9660422955849384
54,110,0.9660408225410826
21,223,0.966033591769374
91,29,0.9659982210939014
7,29,0.9659982210939014
108,29,0.9659982210939014
74,29,0.9659982210939014
24,284,0.96594626552884
11,85,0.9659004722370096
42,264,0.9658805386559808
53,73,0.9658373704198066
24,248,0.965796667662404
21,120,0.9657830869413364
54,187,0.9656890147993344
21,104,0.965670674075532
99,177,0.9656095274467672
42,290,0.9655386942860692
42,287,0.9655386942860692
42,238,0.9655386942860692
11,243,0.9655296397532668
97,45,0.9655227861337148
11,147,0.9654629809039228
53,101,0.9652998813554086
24,29,0.9652847371205476
42,244,0.965243991480449
21,2,0.9652280756426332
21,202,0.9652280756426332
42,115,0.9651688137930596
54,281,0.9651637649746978
42,234,0.9651545278551202
42,216,0.9651545278551202
42,332,0.9651545278551202
76,21,0.9651484927166444
72,21,0.9651484927166444
108,1,0.9651481713618304
11,19,0.965132683382814
11,241,0.965132683382814
53,92,0.9650620693427784
53,70,0.965011510852732
24,70,0.965011510852732
23,289,0.9650072168481812
82,104,0.9649506912860004
24,104,0.9649506912860004
34,84,0.964924274843352
21,200,0.9648505755596296
54,200,0.9648505755596296
6,47,0.964844840588044
86,43,0.9648224535516952
14,37,0.9648224535516952
109,37,0.9648224535516952
86,37,0.9648224535516952
48,37,0.9648224535516952
101,37,0.9648224535516952
48,43,0.9648224535516952
109,43,0.9648224535516952
44,43,0.9648224535516952
44,37,0.9648224535516952
11,61,0.9647988210643804
81,39,0.9647936902627569
12,39,0.9647936902627569
24,20,0.9647767724357164
11,264,0.9646859178345266
21,289,0.9646472273619988
21,7,0.9645921884919127
110,253,0.964581818376418
110,271,0.964581818376418
53,112,0.9645790386071718
82,112,0.9645790386071718
24,112,0.9645790386071718
85,32,0.9645624639314492
85,30,0.9645624639314492
24,238,0.9645535583619048
21,73,0.9645327714988328
57,31,0.9645294159849256
9,99,0.9644630263468508
99,151,0.964456694957076
29,21,0.964312475844466
29,29,0.964312475844466
54,315,0.9642987840172536
11,222,0.9641984585031698
9,117,0.9641659546972016
110,207,0.9641006233590904
53,79,0.9640912423546
23,244,0.9640691683045348
54,173,0.9639901928540174
54,137,0.963847315615143
34,64,0.9638405901373602
21,76,0.9637349143297812
21,129,0.9637349143297812
11,284,0.963658031089899
21,55,0.9636332651575902
21,79,0.9636252380448254
0,46,0.9636095157705336
0,26,0.9636095157705336
111,61,0.963538166014071
111,98,0.963538166014071
23,199,0.9635337172935527
24,331,0.9634907130070508
11,283,0.9634772199927424
26,41,0.9634645979835628
26,45,0.9634645979835628
111,142,0.9634267462158956
22,43,0.9633692381133414
99,219,0.9633088432797676
9,244,0.9632972792842488
53,83,0.9632282896890436
24,83,0.9632282896890436
54,182,0.9632201906127532
42,135,0.9630720754100954
42,247,0.9630720754100954
34,251,0.962889287956086
54,198,0.9628514152513636
91,155,0.9628457719150244
110,146,0.962833492737635
23,208,0.9627560845382162
23,236,0.9627560845382162
23,298,0.9627560845382162
91,28,0.962732700630294
108,28,0.962732700630294
82,121,0.9626794004513576
82,120,0.9626794004513576
99,30,0.962655496150502
23,301,0.962474413102351
11,103,0.9624412911728986
57,45,0.9623719863982748
54,188,0.9622781552658826
42,197,0.9621782461980732
3,191,0.962078780481646
3,52,0.962078780481646
13,45,0.9620552584316896
24,30,0.9620215533860532
24,35,0.9620215533860532
42,96,0.9619285524533736
16,47,0.9619024759068704
54,326,0.9618580361211586
54,221,0.9618580361211586
11,237,0.9618492365608552
75,46,0.9617375102799894
21,54,0.96172195421608
42,72,0.9616335200509112
51,149,0.9614717793498752
51,251,0.9614717793498752
88,251,0.9614717793498752
88,149,0.9614717793498752
30,45,0.9614638601679086
11,270,0.9614078899441756
11,331,0.9614078899441756
34,178,0.9612704924179818
9,144,0.9612600596226988
42,294,0.9609897651328552
54,294,0.9609897651328552
82,107,0.9609813072561736
79,43,0.9609767086960888
79,37,0.9609767086960888
74,324,0.960868612624774
108,324,0.960868612624774
72,255,0.960868612624774
76,324,0.960868612624774
72,324,0.960868612624774
108,255,0.960868612624774
76,255,0.960868612624774
74,255,0.960868612624774
99,6,0.9608077321211236
53,207,0.96074993354895
53,6,0.96074993354895
54,285,0.9607488085689814
11,219,0.9606816100073392
36,41,0.9606594343592264
108,245,0.9606385971924812
74,245,0.9606385971924812
76,245,0.9606385971924812
7,245,0.9606385971924812
99,334,0.9606350199172352
53,208,0.9606240535147932
82,208,0.9606240535147932
42,123,0.9606181697476148
42,111,0.9606181697476148
21,83,0.9605751858250174
11,282,0.9604654781032316
11,245,0.9602907728823944
0,37,0.9602676171193544
0,30,0.9602676171193544
0,32,0.9602676171193544
0,33,0.9602676171193544
21,51,0.9602411732764372
34,133,0.9602223045145674
110,307,0.9601600951845428
34,182,0.9601532335052212
108,241,0.9601354454792398
11,299,0.960134207488153
39,177,0.9601258961501892
51,177,0.9601258961501892
39,207,0.9601258961501892
88,207,0.9601258961501892
108,56,0.9601253697765512
91,56,0.9601253697765512
7,56,0.9601253697765512
7,201,0.9601203895795476
7,151,0.9601161018204508
21,157,0.960110284421492
21,277,0.960110284421492
21,324,0.960110284421492
88,157,0.9601100427475898
83,334,0.9601091335108938
91,223,0.96010873259959
74,223,0.96010873259959
7,223,0.96010873259959
54,253,0.9601083455776384
54,263,0.9601083455776384
34,322,0.9601081656827718
82,55,0.9601074645600928
47,32,0.96010696379367
79,334,0.9601055273844584
51,153,0.9601042720265192
88,153,0.9601042720265192
68,32,0.9601042628286656
34,244,0.960103262957856
34,191,0.960102743893644
23,184,0.960101782482638
44,44,0.960101452231388
44,334,0.960101452231388
90,334,0.960101452231388
73,43,0.9601007431813016
11,334,0.9601007257241287
11,33,0.9601007257241287
11,47,0.9601007257241287
11,41,0.9601007257241287
11,27,0.9601007257241287
11,45,0.9601007257241287
11,42,0.9601007257241287
11,32,0.9601007257241287
11,39,0.9601007257241287
11,37,0.9601007257241287
11,43,0.9601007257241287
11,44,0.9601007257241287
11,34,0.9601007257241287
76,1,0.960096052422554
72,1,0.960096052422554
7,1,0.960096052422554
74,1,0.960096052422554
42,141,0.960095954958962
11,248,0.9600958152262522
22,30,0.9600931371154552
0,334,0.960092217356803
0,44,0.960092217356803
81,42,0.9600905420265726
21,109,0.9600903281494036
54,109,0.9600903281494036
75,32,0.9600849740964612
65,26,0.960084472107305
110,85,0.9600836783978248
110,114,0.9600836783978248
110,118,0.9600836783978248
87,43,0.9600804353253308
66,43,0.9600804353253308
23,88,0.9600803604770608
23,231,0.9600803604770608
91,152,0.9600799759864976
82,100,0.9600785799434364
42,87,0.9600737353869968
42,331,0.9600729072517828
42,270,0.9600729072517828
108,30,0.960071243486103
74,30,0.960071243486103
72,30,0.960071243486103
7,30,0.960071243486103
54,317,0.9600706541209798
54,217,0.9600706541209798
54,162,0.9600706541209798
54,169,0.9600706541209798
108,144,0.9600681244252331
74,249,0.9600681244252331
74,144,0.9600681244252331
7,249,0.9600681244252331
7,144,0.9600681244252331
50,245,0.9600666298903242
86,334,0.9600654716718618
48,334,0.9600654716718618
17,334,0.9600654716718618
14,334,0.9600654716718618
109,44,0.9600654716718618
101,334,0.9600654716718618
14,44,0.9600654716718618
48,44,0.9600654716718618
86,44,0.9600654716718618
101,44,0.9600654716718618
109,334,0.9600654716718618
108,23,0.960061444162582
11,255,0.9600604712031852
11,277,0.9600604712031852
11,324,0.9600604712031852
21,232,0.9600603003615354
39,251,0.9600598665659836
23,37,0.9600594912231772
82,334,0.9600594912231772
23,47,0.9600594912231772
82,47,0.9600594912231772
82,33,0.9600594912231772
82,45,0.9600594912231772
23,26,0.9600594912231772
23,41,0.9600594912231772
82,43,0.9600594912231772
23,34,0.9600594912231772
82,34,0.9600594912231772
23,43,0.9600594912231772
23,45,0.9600594912231772
23,27,0.9600594912231772
82,31,0.9600594912231772
23,44,0.9600594912231772
82,39,0.9600594912231772
82,44,0.9600594912231772
82,26,0.9600594912231772
23,32,0.9600594912231772
23,31,0.9600594912231772
82,41,0.9600594912231772
82,42,0.9600594912231772
23,39,0.9600594912231772
82,37,0.9600594912231772
23,334,0.9600594912231772
23,42,0.9600594912231772
24,271,0.9600580657978603
24,162,0.9600580657978603
24,217,0.9600580657978603
11,96,0.960054273857764
11,229,0.9600478479017378
74,235,0.960047100761734
108,235,0.960047100761734
110,208,0.9600455068827162
54,112,0.9600425856275944
81,26,0.960041360254566
12,26,0.960041360254566
81,46,0.960041360254566
71,44,0.960041317014675
71,334,0.960041317014675
51,278,0.9600334711596296
88,184,0.9600334711596296
88,244,0.9600334711596296
88,278,0.9600334711596296
51,244,0.9600334711596296
16,32,0.960030125869326
16,33,0.960030125869326
16,334,0.960030125869326
105,155,0.9600106716001008
105,299,0.9600106716001008
11,177,0.9599871459314072
11,164,0.9599871459314072
11,290,0.9599871459314072
0,255,0.9599417363969212
99,264,0.9598776053668936
34,278,0.9598129281574564
29,255,0.9597941219858278
29,324,0.9597941219858278
29,245,0.9597941219858278
111,90,0.9597839328779902
53,106,0.9596307094619128
42,224,0.9594988840492116
11,110,0.9594830082962656
21,91,0.9594265978119964
21,77,0.9594265978119964
21,74,0.9594265978119964
110,95,0.9594155215040984
111,67,0.9593892379072352
39,252,0.9593257354725248
91,310,0.9593249396683646
31,31,0.9593146860834108
18,31,0.9593146860834108
21,103,0.9592238841999298
111,231,0.9591698664544942
111,88,0.9591698664544942
111,111,0.9591698664544942
24,74,0.959127776788686
24,77,0.959127776788686
42,1,0.9591232138969564
99,196,0.9590976397896208
24,310,0.9590876744285928
54,12,0.959086043552316
76,2,0.958937603155192
72,2,0.958937603155192
82,84,0.9588849195300956
82,177,0.9587900990142538
35,37,0.9587378751708984
24,200,0.9585328348997616
111,73,0.9584953606491494
111,134,0.9584953606491494
53,307,0.9583650229060092
21,123,0.958358120683628
4,41,0.9583014897855654
54,180,0.958296868233175
23,1,0.9582474258382336
11,87,0.9581928960614928
42,116,0.9581592420892407
111,53,0.9580997849556546
11,329,0.9580383116220442
11,46,0.9580383116220442
21,158,0.958001501518712
21,152,0.958001501518712
91,147,0.9578851803749722
45,27,0.957848778930761
42,267,0.9578068003559944
42,100,0.9578068003559944
108,40,0.9577798876472589
91,40,0.9577798876472589
54,186,0.9577600313073898
11,226,0.9576885063802284
21,93,0.9576642942904386
54,102,0.957663633099671
42,149,0.9576549932795658
42,296,0.9575551988099016
42,223,0.9575551988099016
108,316,0.9575119675305104
74,316,0.9575119675305104
7,316,0.9575119675305104
24,208,0.9574722863690012
46,33,0.95744870408056
90,33,0.95744870408056
17,33,0.95744870408056
21,75,0.9574251340201044
42,121,0.9574005987884232
110,61,0.9573744796647532
54,239,0.9573337638108632
54,308,0.9573337638108632
11,207,0.9571024636977212
0,19,0.9570633886911926
29,20,0.957062282632809
54,283,0.9569555440936248
54,233,0.9569555440936248
42,283,0.9569555440936248
42,233,0.9569555440936248
111,130,0.9569337112068904
39,278,0.9569253330592894
39,244,0.9569253330592894
39,184,0.9569253330592894
21,58,0.9568708547058026
15,27,0.9568364842868932
66,27,0.9568364842868932
87,27,0.9568364842868932
89,27,0.9568364842868932
42,243,0.9567386234801336
54,243,0.9567386234801336
30,31,0.9566932257131716
54,171,0.9566628767781516
54,145,0.9566628767781516
54,189,0.9566628767781516
54,106,0.9566254750680578
42,106,0.9566254750680578
34,106,0.9566254750680578
34,66,0.9566254750680578
42,66,0.9566254750680578
54,66,0.9566254750680578
21,87,0.9565490896198195
77,19,0.9564649039589428
53,129,0.956416369288644
34,49,0.9564102397094828
34,267,0.9564102397094828
98,43,0.95634349546093
84,43,0.95634349546093
4,31,0.9561919506053694
109,30,0.9561656566883088
44,30,0.9561656566883088
48,30,0.9561656566883088
101,30,0.9561656566883088
14,30,0.9561656566883088
86,30,0.9561656566883088
53,303,0.9561484127026616
82,303,0.9561484127026616
34,125,0.9561280067754576
11,125,0.9561280067754576
21,278,0.9561146863256392
53,152,0.9560962362933804
82,152,0.9560962362933804
53,158,0.9560962362933804
82,158,0.9560962362933804
11,287,0.955883034417568
54,323,0.9558728896837784
24,108,0.9558346179247964
24,100,0.9558346179247964
21,81,0.955761654376701
42,81,0.955761654376701
34,81,0.955761654376701
54,81,0.955761654376701
54,265,0.955738787451086
23,329,0.9556310106886026
82,46,0.9556310106886026
23,46,0.9556310106886026
82,329,0.9556310106886026
42,218,0.9555364474629972
110,109,0.9553714161397602
36,47,0.9552229980070854
11,106,0.9551622182763598
21,142,0.9550681036393144
54,84,0.9550677785512496
108,270,0.9549773869067212
7,270,0.9549773869067212
74,270,0.9549773869067212
108,160,0.9548974550905838
11,141,0.954891598212708
11,274,0.954884904589238
11,50,0.9547823745874882
1,299,0.9547703124386124
1,155,0.9547703124386124
36,42,0.9547310899913236
42,333,0.954728427626553
42,253,0.954728427626553
42,271,0.954728427626553
81,41,0.9546469340458148
12,41,0.9546469340458148
18,41,0.9546469340458148
31,41,0.9546469340458148
34,100,0.954618362249143
42,202,0.954563559293596
9,75,0.9545532041540142
76,334,0.9544269197183526
74,334,0.9544269197183526
72,334,0.9544269197183526
91,334,0.9544269197183526
108,334,0.9544269197183526
21,53,0.9543816176325792
7,6,0.9543756201201136
108,6,0.9543756201201136
74,207,0.9543756201201136
7,207,0.9543756201201136
108,207,0.9543756201201136
74,6,0.9543756201201136
108,297,0.9543633279764676
34,179,0.9542626337790449
11,75,0.9542032890215484
34,75,0.9542032890215484
77,42,0.9539352410722736
71,42,0.9539352410722736
71,43,0.9539352410722736
11,271,0.9538829435491868
11,246,0.9538091690602092
11,332,0.9538091690602092
91,177,0.953776993588973
82,245,0.953722786299322
23,245,0.953722786299322
42,55,0.9536750673726077
42,70,0.9536280681340528
42,280,0.95355201125888
34,184,0.95349717282928
11,184,0.95349717282928
105,157,0.9532912297434648
78,31,0.9532643577673492
42,300,0.9532202469472718
3,21,0.9531943476268154
82,60,0.9531042227542272
53,60,0.9531042227542272
42,74,0.9528684267478328
42,77,0.9528684267478328
54,201,0.9528179770196978
102,47,0.9528031578353908
65,39,0.95276064858612
108,292,0.9527557809854148
26,334,0.9526041574397948
26,44,0.9526041574397948
23,305,0.952557520282834
21,70,0.9524244007038308
111,93,0.9523094497179876
111,79,0.9523094497179876
21,97,0.9522556808540265
34,82,0.9521789708665748
54,82,0.9521789708665748
42,82,0.9521789708665748
42,301,0.9521217791327394
35,44,0.9520823146319248
11,236,0.9519881541528534
34,236,0.9519881541528534
77,39,0.9519036148286724
24,202,0.9517498683508592
53,202,0.9517498683508592
82,202,0.9517498683508592
23,147,0.9516663923563222
42,83,0.951652170891425
54,325,0.9516357206976416
111,109,0.951632048346825
11,151,0.9516169765729116
53,44,0.9516048003707398
53,39,0.9516048003707398
53,37,0.9516048003707398
53,334,0.9516048003707398
53,33,0.9516048003707398
53,26,0.9516048003707398
53,32,0.9516048003707398
53,27,0.9516048003707398
53,34,0.9516048003707398
53,47,0.9516048003707398
53,31,0.9516048003707398
53,42,0.9516048003707398
53,41,0.9516048003707398
53,45,0.9516048003707398
34,196,0.9515385142040296
17,37,0.9514237407480718
90,43,0.9514237407480718
90,37,0.9514237407480718
46,43,0.9514237407480718
17,43,0.9514237407480718
46,37,0.9514237407480718
111,281,0.951293589214784
111,54,0.951293589214784
42,235,0.951196044492436
54,235,0.951196044492436
24,235,0.9511653017736228
42,104,0.9509794055039578
21,8,0.950974549517642
54,161,0.9509709348378468
54,175,0.9509709348378468
54,176,0.9509709348378468
41,41,0.9508713986589276
23,217,0.9507886449100088
23,284,0.9507886449100088
23,303,0.9507886449100088
23,205,0.9507886449100088
23,162,0.9507886449100088
42,120,0.9507763589120146
75,334,0.9507680222285264
75,33,0.9507680222285264
110,29,0.9505874180035384
91,122,0.9505017421283374
76,122,0.9505017421283374
7,122,0.9505017421283374
72,122,0.9505017421283374
74,122,0.9505017421283374
108,122,0.9505017421283374
9,202,0.9504948821291122
21,90,0.9504611553793882
69,47,0.9504036042481478
51,147,0.9503415494188796
96,31,0.9503306644489418
21,67,0.950306320755331
75,41,0.9502531990743902
83,47,0.9501184823976568
21,255,0.9501047256396662
54,113,0.9500414711286852
34,113,0.9500414711286852
21,113,0.9500414711286852
110,40,0.9498947530765276
53,28,0.9498106742997464
82,28,0.9498106742997464
111,110,0.9497845982917256
29,122,0.949715828927082
65,245,0.9495624444442842
47,37,0.9493756986684344
54,6,0.9491265535460996
54,10,0.9491265535460996
21,28,0.9491020494948949
23,324,0.94909957662997
82,277,0.94909957662997
82,324,0.94909957662997
23,277,0.94909957662997
23,159,0.949054526272983
54,246,0.948990787612436
54,251,0.9488221711710816
111,95,0.9487626759647196
39,34,0.948621901494486
88,34,0.948621901494486
24,58,0.9485962318743416
9,28,0.948549827493504
21,100,0.9484885779584332
10,43,0.9484484733448636
10,37,0.9484484733448636
21,130,0.9483764082744748
11,303,0.9483625176331512
85,45,0.9483365053709134
10,33,0.9483045515015134
51,28,0.9482399918134684
88,28,0.9482399918134684
51,2,0.9482399918134684
88,2,0.9482399918134684
69,32,0.9481903145332692
69,30,0.9481903145332692
51,141,0.9481412872140488
104,44,0.9481149078888094
110,147,0.948106004762046
23,207,0.9481018974427444
74,284,0.9480499707237656
54,18,0.948034509065377
54,181,0.9479616212292572
54,183,0.9479616212292572
80,27,0.9479086223411626
0,39,0.9478309633800694
110,112,0.9477691548839764
21,101,0.9476097634369648
34,91,0.9475239173543346
11,91,0.9475239173543346
7,299,0.9474658124006444
74,299,0.9474658124006444
108,299,0.9474658124006444
110,308,0.9472437839131564
23,242,0.9471745154148562
23,248,0.9471745154148562
54,133,0.9471212226979102
110,123,0.9470672593530264
34,158,0.9470593207944564
11,158,0.9470593207944564
11,113,0.947057542353786
110,101,0.9470332222123528
110,92,0.9470332222123528
110,107,0.9470332222123528
21,1,0.9469591234187944
110,104,0.9469538623783988
110,116,0.9469538623783988
53,329,0.9469117998544276
53,46,0.9469117998544276
24,312,0.9468506265194532
110,35,0.9467693814379522
110,10,0.9466849041839888
39,28,0.9465685489740084
39,2,0.9465685489740084
22,277,0.946490295536179
54,237,0.946438645730366
9,184,0.94637356503298
82,219,0.9462501268536674
7,28,0.946190893435667
74,28,0.946190893435667
0,245,0.9461782967401382
9,23,0.9460427659025668
54,193,0.9460422961229882
11,254,0.9459325330482444
104,37,0.945851466951225
111,75,0.945533440398608
111,132,0.945533440398608
111,71,0.945533440398608
111,22,0.945533440398608
111,140,0.945533440398608
82,135,0.9455273548491544
85,31,0.945429192464383
108,196,0.9454282842393792
91,196,0.9454282842393792
36,297,0.9454192217801938
13,37,0.9452933600642088
81,43,0.9452925524268168
12,43,0.9452925524268168
18,43,0.9452925524268168
13,44,0.945222327355431
13,334,0.945222327355431
110,300,0.94520790351414
105,147,0.9451288127393906
50,39,0.945057699801488
11,15,0.9450363980603226
0,277,0.9449235744672088
72,152,0.9449130773983004
74,152,0.9449130773983004
7,152,0.9449130773983004
76,152,0.9449130773983004
108,331,0.9448197522456788
74,331,0.9448197522456788
21,155,0.9447609024637608
12,255,0.9445722281838071
81,255,0.9445722281838071
82,59,0.944556289681654
34,202,0.9445408952123682
11,202,0.9445408952123682
99,277,0.9445328461299348
18,245,0.944466519523006
74,155,0.9443993387168654
108,155,0.9443993387168654
7,155,0.9443993387168654
11,197,0.9443870791455964
91,20,0.9442961713872352
13,30,0.9442631669460668
13,32,0.9442631669460668
53,245,0.944103796045528
108,237,0.943838217848027
74,237,0.943838217848027
74,40,0.9438338059047392
7,40,0.9438338059047392
77,47,0.943604428518896
21,59,0.943589613001116
21,107,0.943589613001116
36,19,0.9435809270405968
10,27,0.9435586253103928
111,126,0.9435355136872254
9,88,0.9434581573741914
53,108,0.9428723002037964
82,108,0.9428723002037964
58,30,0.9427311882402896
24,308,0.9426651685745492
88,329,0.942409505892012
39,329,0.942409505892012
53,66,0.942357335561178
24,121,0.9422375235401768
24,120,0.9422375235401768
47,31,0.9421676830896902
13,31,0.9421676830896902
47,245,0.9421676830896902
13,245,0.9421676830896902
53,235,0.942106503548413
74,23,0.9419504679359012
7,23,0.9419504679359012
72,23,0.9419504679359012
76,23,0.9419504679359012
29,2,0.941894311578077
97,41,0.9418766336379832
108,310,0.9418635899088068
7,310,0.9418635899088068
74,310,0.9418635899088068
11,81,0.9418442873375668
105,34,0.941790937054618
37,42,0.9417726654351944
75,47,0.9414872058801464
111,122,0.9413506559804128
70,37,0.940992485674913
23,19,0.940857425112144
82,1,0.9408234575628024
53,1,0.9408234575628024
21,66,0.94071556815861
21,106,0.94071556815861
111,115,0.9405668728309492
111,113,0.9405668728309492
89,31,0.9404617020923872
87,31,0.9404617020923872
66,31,0.9404617020923872
15,31,0.9404617020923872
51,40,0.9403378487209731
88,38,0.9403378487209731
51,38,0.9403378487209731
39,38,0.9403378487209731
88,40,0.9403378487209731
39,40,0.9403378487209731
23,243,0.9401561294259814
23,233,0.9401561294259814
23,283,0.9401561294259814
24,102,0.940093237179904
18,47,0.940047137026774
11,148,0.9399576799765396
34,148,0.9399576799765396
21,92,0.9398140419395812
24,184,0.9394687472401126
53,255,0.939290126250941
53,324,0.939290126250941
11,56,0.9392545449950191
54,13,0.93924461028296
84,31,0.9392355307992766
111,144,0.9391059274916528
21,138,0.9390672630137592
42,289,0.9389851859617844
111,2,0.9389541104119414
42,10,0.938935393479221
42,6,0.938935393479221
74,330,0.9387346146087968
1,329,0.9387023484864416
111,81,0.9386356332673056
110,60,0.9383174412319047
110,330,0.9383174412319047
1,141,0.93815562932135
21,102,0.9381534517072108
91,284,0.9381385968488494
82,289,0.9380250846680932
53,289,0.9380250846680932
22,255,0.9380186114826344
0,299,0.9377864436544348
9,84,0.9377686209919532
53,219,0.9377651508096984
15,45,0.9377524723482508
66,45,0.9377524723482508
89,45,0.9377524723482508
87,45,0.9377524723482508
72,297,0.9376310400725628
7,297,0.9376310400725628
74,297,0.9376310400725628
76,297,0.9376310400725628
29,297,0.9376310400725628
61,6,0.9375866698385246
11,66,0.9372799717008036
24,55,0.9370183274400694
51,31,0.936962938072146
99,164,0.936792087935738
22,31,0.9367909572191566
0,31,0.9364148914986244
23,8,0.9362242449506054
23,267,0.9362242449506054
74,292,0.9361198382491364
29,264,0.9360280066750116
93,155,0.9360039526272927
93,299,0.9360039526272927
75,277,0.9359419695650923
42,201,0.9358506905555252
34,132,0.9358107693311176
11,132,0.9358107693311176
110,32,0.9358040394376548
110,44,0.9358040394376548
110,31,0.9358040394376548
110,45,0.9358040394376548
110,43,0.9358040394376548
110,33,0.9358040394376548
110,47,0.9358040394376548
110,37,0.9358040394376548
110,41,0.9358040394376548
110,42,0.9358040394376548
9,289,0.9355939168910836
77,255,0.9352147504252768
71,255,0.9352147504252768
53,177,0.9349921454490432
108,218,0.9349718496476678
110,202,0.9349298882168068
110,2,0.9349298882168068
76,29,0.9348408547404709
72,29,0.9348408547404709
21,82,0.934770005020801
21,299,0.9347341482597624
53,82,0.9344499474438324
9,7,0.9343456946342515
18,26,0.934303921047645
18,46,0.934303921047645
1,34,0.9342148346109624
110,59,0.934062213310599
110,124,0.9340271804701992
110,117,0.9340271804701992
24,6,0.9339585986987484
24,10,0.9339585986987484
23,6,0.9339585986987484
23,10,0.9339585986987484
23,319,0.9339585986987484
72,219,0.9338400525123376
76,219,0.9338400525123376
91,219,0.9338400525123376
22,42,0.9337633399385844
7,274,0.933602095517598
23,253,0.9335666792342292
23,218,0.9335666792342292
23,271,0.9335666792342292
110,234,0.9335657749492816
110,83,0.9334428504210812
24,7,0.9334232961682072
71,39,0.9333850966383642
27,47,0.9329020596352184
111,72,0.9328458965461144
30,41,0.9328363881844272
105,252,0.9328130779126772
88,143,0.9328000412358558
39,143,0.9328000412358558
39,270,0.9328000412358558
88,270,0.9328000412358558
111,32,0.9327154004717602
111,43,0.9327154004717602
111,42,0.9327154004717602
111,45,0.9327154004717602
111,31,0.9327154004717602
111,334,0.9327154004717602
111,37,0.9327154004717602
111,41,0.9327154004717602
111,33,0.9327154004717602
111,47,0.9327154004717602
91,277,0.9326582490022456
11,82,0.9325900876236668
54,87,0.9325266548169412
110,291,0.9324359815390648
23,24,0.9320506870930524
47,334,0.9320485700965332
47,44,0.9320485700965332
110,248,0.9317841451526876
58,37,0.9316072409230084
58,43,0.9316072409230084
40,43,0.9316009755578392
40,37,0.9316009755578392
11,235,0.9312861137438112
80,26,0.93128488702823
29,312,0.931220838599576
21,244,0.9312186893910808
42,246,0.9312173559361288
53,109,0.9311855686034288
14,45,0.9311700027968858
101,45,0.9311700027968858
48,45,0.9311700027968858
86,45,0.9311700027968858
40,45,0.9311700027968858
99,29,0.9311344450478904
21,84,0.93110631393599
9,147,0.9308855814893556
99,280,0.9307697184265736
11,93,0.9307590492304302
53,135,0.9307224487744992
71,47,0.93052353806216
41,27,0.9305187821556
78,47,0.9303852046424786
11,193,0.930254236719453
111,116,0.9301504308771482
111,83,0.9301504308771482
111,104,0.9301504308771482
110,46,0.9300703647034692
110,329,0.9300703647034692
110,219,0.93006313122076
105,329,0.9299566300101756
21,49,0.9298549459393044
21,265,0.9293174689986528
108,35,0.9292441382731078
7,35,0.9292441382731078
72,35,0.9292441382731078
76,35,0.9292441382731078
91,35,0.9292441382731078
74,35,0.9292441382731078
110,98,0.929188147025531
54,153,0.9291230322351338
82,255,0.9290958370148676
23,255,0.9290958370148676
110,115,0.9288559134878168
110,20,0.928799891516546
29,219,0.928635269131053
45,32,0.9286192106724884
22,39,0.928432364343854
39,222,0.9284262031159228
111,106,0.9284123120416412
111,82,0.9284123120416412
82,56,0.9282683953679468
110,264,0.9281260354849614
11,12,0.9280307467195577
23,69,0.9280176202980692
11,179,0.9279840440610662
51,222,0.9279015609972376
88,222,0.9279015609972376
51,158,0.9278624806435052
39,158,0.9278624806435052
88,158,0.9278624806435052
88,282,0.9278624806435052
51,282,0.9278624806435052
39,282,0.9278624806435052
82,200,0.9277809609184248
23,200,0.9277809609184248
61,33,0.927762967881253
61,37,0.927762967881253
61,44,0.927762967881253
111,224,0.9277570580078076
21,149,0.9276392581666332
65,42,0.9275696107298956
99,329,0.927454436342064
53,244,0.927444502384205
82,244,0.927444502384205
50,32,0.9274310396013726
36,196,0.9271170467542904
99,34,0.9269172902912864
76,56,0.9269053893803972
72,56,0.9269053893803972
58,334,0.9268783025849656
58,44,0.9268783025849656
21,141,0.9268129247962744
110,108,0.9268078924194568
110,100,0.9268078924194568
69,31,0.9268068217494332
65,255,0.926787377096286
110,201,0.9266337966657142
80,219,0.9264422080161014
9,307,0.9264417162444686
91,10,0.926065135859486
11,296,0.9258319023886098
75,252,0.9257388580552351
54,64,0.9256517834832142
61,270,0.9255205301101032
24,36,0.9254559332721692
11,200,0.9252859959782866
22,47,0.9252397234726588
11,109,0.925173520153771
54,301,0.9251540394418342
9,10,0.9250895046947272
11,319,0.9250271736295153
11,10,0.9250271736295153
11,6,0.9250271736295153
23,186,0.9250026832523348
110,233,0.9249073889905286
110,283,0.9249073889905286
54,165,0.9247817195853064
82,29,0.9246815755255744
0,20,0.9246676360500165
111,66,0.9246062379877752
23,308,0.9245824810192812
110,90,0.9245297981462726
110,68,0.9245297981462726
61,299,0.9242878768335728
61,155,0.9242878768335728
65,43,0.924236565540674
87,32,0.9242207152584276
89,32,0.9242207152584276
15,32,0.9242207152584276
66,32,0.9242207152584276
7,20,0.9242196101422044
76,20,0.9242196101422044
72,20,0.9242196101422044
74,20,0.9242196101422044
108,20,0.9242196101422044
111,100,0.9241512128068042
110,142,0.9238513417596604
111,146,0.9238074663406312
75,255,0.9238003078554944
34,122,0.9237516131101332
29,56,0.9237362091075668
42,68,0.9237298932587136
42,237,0.9236947717505614
16,245,0.92353043411876
21,325,0.9234506909435214
110,81,0.9233507123241712
68,31,0.9232659690733268
99,157,0.9232603206566324
110,242,0.923136341609885
4,33,0.9231272633097024
4,334,0.9231272633097024
53,142,0.9228629683558472
82,142,0.9228629683558472
111,123,0.922467638313481
24,28,0.9223875533123972
111,84,0.9222747819775104
111,287,0.9222713765203376
111,246,0.9222713765203376
111,216,0.9222713765203376
111,87,0.9222311499078714
0,47,0.9220901578807772
85,42,0.922076553583946
82,270,0.9219131588642452
82,331,0.9219131588642452
23,270,0.9219131588642452
23,331,0.9219131588642452
111,46,0.9219112079466
111,329,0.9219112079466
93,157,0.9218158917238192
93,329,0.9216834972573246
21,297,0.9214418878798332
24,149,0.921337666715475
53,122,0.9213233873596216
12,277,0.9212692491910488
81,277,0.9212692491910488
76,264,0.9210951657413604
72,264,0.9210951657413604
91,164,0.920933531770891
80,334,0.9209116752155164
80,44,0.9209116752155164
18,39,0.9209045096826336
110,289,0.9207465180282812
11,267,0.9206185522802152
7,141,0.9204471115149342
74,141,0.9204471115149342
108,141,0.9204471115149342
0,141,0.9204074533425052
111,27,0.920089455156813
111,39,0.920089455156813
111,34,0.920089455156813
111,26,0.920089455156813
111,294,0.9199336603219276
111,103,0.9199336603219276
54,7,0.9196855290006188
11,84,0.9195383004357184
80,33,0.919463906892101
80,45,0.919463906892101
93,34,0.9194499079829164
111,102,0.919386447791073
7,284,0.9193749642083652
11,122,0.9192837514669198
35,33,0.9191468080440716
23,20,0.9190225884047828
82,20,0.9190225884047828
21,196,0.9189410212433085
111,222,0.9188516704789184
88,31,0.9186563475343368
7,196,0.9185754221083688
74,196,0.9185754221083688
11,25,0.9184824776441748
40,30,0.9180539565124484
65,277,0.9178233239312984
11,310,0.9177178527930384
82,35,0.9177176240542906
23,35,0.9177176240542906
23,30,0.9177176240542906
82,30,0.9177176240542906
111,70,0.9177105719784256
83,245,0.917639022916032
83,42,0.917639022916032
76,316,0.9175880131755352
72,316,0.9175880131755352
104,334,0.9173874542524526
23,201,0.9172800816500328
21,186,0.9172566724860798
102,219,0.9172176237280854
29,316,0.9170731226813664
54,168,0.9169838804560284
85,255,0.9168991958580672
11,100,0.9167130710481786
111,208,0.9166684363777376
111,236,0.9166684363777376
111,298,0.9166684363777376
21,251,0.9166581119431992
21,133,0.916596044086066
111,245,0.9164852231122133
93,141,0.9163861139901038
43,37,0.916080338535042
11,204,0.9157373173837312
108,200,0.9155967262759196
76,200,0.9155967262759196
74,200,0.9155967262759196
7,200,0.9155967262759196
72,200,0.9155967262759196
23,141,0.9153284021898483
82,141,0.9153284021898483
69,245,0.9152007164425772
79,30,0.9149453186359696
11,133,0.91454284446493
35,43,0.9143010280507872
54,319,0.9141942981020894
99,299,0.9139785500440564
23,122,0.913760433052373
75,191,0.9136154820612804
75,52,0.9136154820612804
111,202,0.9135650967830696
111,255,0.9134544791679514
110,193,0.9134330478095524
22,245,0.9133882149194807
54,96,0.9131215743056073
68,41,0.9130665841946128
78,41,0.9130665841946128
69,41,0.9130665841946128
74,218,0.9128271538828572
3,206,0.9125106249293048
3,196,0.9125106249293048
3,28,0.9125106249293048
11,112,0.9123413736482192
111,158,0.9122765165180852
111,152,0.9122765165180852
23,307,0.9122716209287556
23,246,0.9122211327103537
23,287,0.9122211327103537
23,234,0.9122211327103537
23,216,0.9122211327103537
99,270,0.9121821713118856
75,245,0.9121081200525902
99,152,0.9120832858494168
28,27,0.911729759356931
73,27,0.911729759356931
82,280,0.9116759316380468
23,280,0.9116759316380468
11,312,0.9115973136434944
85,26,0.9115052658761474
85,46,0.9115052658761474
9,222,0.911345583383907
53,277,0.91129661066308
111,92,0.9112935439413452
111,101,0.9112935439413452
111,91,0.9112935439413452
36,152,0.9112802408041664
36,21,0.9112802408041664
111,243,0.9110082895849958
54,203,0.9107695120685048
54,16,0.9107695120685048
7,282,0.910703473072024
111,80,0.9106127484756584
111,197,0.910423192917182
110,130,0.9101819956613416
9,159,0.9100526539257424
11,228,0.9096516598716954
35,334,0.9095706953758246
91,307,0.90937749289911
110,245,0.9092890347761636
77,41,0.9092628428855876
29,280,0.9092119606125172
50,47,0.9092087763569212
9,264,0.909012605343751
99,62,0.9090073755019868
111,58,0.9089429594477516
111,77,0.9089429594477516
111,74,0.9089429594477516
11,136,0.9088250407133892
102,324,0.9087348754159594
110,1,0.9086621961784704
76,312,0.908517538631479
74,312,0.908517538631479
7,312,0.908517538631479
108,312,0.908517538631479
54,278,0.9083548826273452
9,177,0.908350320768994
9,19,0.908350320768994
111,305,0.9079203761228158
82,310,0.9076979210620938
23,310,0.9076979210620938
75,39,0.9075322954747904
96,37,0.9074245875823302
96,334,0.9074245875823302
96,44,0.9074245875823302
96,33,0.9074245875823302
67,47,0.9072253617061344
85,277,0.907124572475596
91,325,0.9070417847646124
0,297,0.9069963829174588
53,69,0.9069565658943336
99,202,0.906854648161718
23,235,0.9067832634801956
82,149,0.9067557505257884
110,158,0.9066216333357056
110,152,0.9066216333357056
77,196,0.90654891259395
110,126,0.9064811765235388
23,107,0.9061835594570936
108,204,0.9059778100163104
74,204,0.9059778100163104
16,46,0.905960319811416
16,26,0.905960319811416
34,112,0.9059491020027916
24,24,0.9059485975267854
47,47,0.905879194093823
13,47,0.905879194093823
24,301,0.9056695026085232
77,46,0.9055969817243604
71,277,0.9055969817243604
77,277,0.9055969817243604
71,26,0.9055969817243604
77,26,0.9055969817243604
111,277,0.9055270236344484
111,324,0.9055270236344484
11,30,0.905106313706638
76,40,0.9047707651741804
72,40,0.9047707651741804
29,40,0.9047707651741804
54,302,0.9046400821446196
76,277,0.90448256262932
74,277,0.90448256262932
108,277,0.90448256262932
72,277,0.90448256262932
21,38,0.904422743456249
53,270,0.904009908716328
53,331,0.904009908716328
90,30,0.9038579480629442
17,30,0.9038579480629442
46,30,0.9038579480629442
23,197,0.9037660641148528
36,255,0.9036387946373904
105,143,0.9033801958162428
9,142,0.9031032400003974
75,45,0.90263311328599
110,324,0.902603983044212
51,39,0.9024189564273988
99,316,0.902203626676616
99,207,0.9021420835160812
29,152,0.9019014860849964
21,159,0.9018594450866376
24,215,0.9017018311919855
54,91,0.9016923990714376
9,223,0.90151984704551
29,277,0.9010184068489792
111,7,0.9010059191234616
43,27,0.90100490126152
110,238,0.9009357707642084
36,277,0.9007482184195648
11,316,0.9006683512112822
7,290,0.9005708307412607
53,38,0.9004174716319099
82,38,0.9004174716319099
77,21,0.9003431547502081
3,31,0.9001528281889883
51,249,0.9000603921451524
39,249,0.9000603921451524
88,249,0.9000603921451524
54,122,0.8999718162464255
110,204,0.8999553503968398
34,23,0.899925948448573
99,307,0.899917223059103
82,184,0.8996592166072228
53,184,0.8996592166072228
71,324,0.8995735480789173
9,119,0.8995398317890259
21,128,0.8995274859843063
73,33,0.8994879602253322
99,249,0.8993474236878601
46,45,0.8993356147379166
75,21,0.8993220976220746
53,30,0.8992047626853561
23,300,0.8988141185043443
75,147,0.8985374752029474
3,200,0.8984811038344629
99,155,0.8984295285680152
110,164,0.8983434296476361
110,177,0.8983434296476361
110,290,0.8983434296476361
11,240,0.8982330081757575
9,135,0.8981392079558063
111,264,0.8980342073253622
9,131,0.897994418704578
16,45,0.897861189117456
111,217,0.897141559492698
111,96,0.897141559492698
111,162,0.897141559492698
111,303,0.897141559492698
111,205,0.897141559492698
111,284,0.897141559492698
75,42,0.8971017831375807
110,237,0.8970231083639902
105,270,0.8969561567981825
80,41,0.8968330391448918
34,127,0.8966637183469145
11,126,0.8964835426982206
67,39,0.896194806247072
23,177,0.8961184669675698
10,30,0.8960450908891888
11,260,0.8957192681279179
72,151,0.895621806105808
76,151,0.895621806105808
34,149,0.8955885572936212
7,159,0.8955836402335605
91,159,0.8955836402335605
74,159,0.8955836402335605
108,159,0.8955836402335605
110,244,0.8953253284110733
51,299,0.895319879805916
51,155,0.895319879805916
110,200,0.895223008554956
110,53,0.894936869268214
82,312,0.8949043009060248
23,312,0.8949043009060248
57,41,0.894600420156253
24,25,0.894113399991058
6,277,0.8940092449789646
70,43,0.8939345810604309
61,20,0.8937709775241683
11,79,0.8937560989468051
27,27,0.8937078786190017
83,32,0.8937078786190017
27,32,0.8937078786190017
83,27,0.8937078786190017
108,319,0.8935368751012505
82,138,0.8933005253313473
23,138,0.8933005253313473
68,47,0.8926496587935573
97,47,0.8926496587935573
9,8,0.8924891004645582
3,280,0.8923325874170468
110,312,0.8922435181088308
53,280,0.8922044780002719
23,112,0.8921962032293239
111,19,0.8921412744478261
54,244,0.8918344358470021
110,113,0.8916309116673682
54,289,0.8916109183153649
39,138,0.891555907270248
51,297,0.891555907270248
88,138,0.891555907270248
39,297,0.891555907270248
51,138,0.891555907270248
54,142,0.8915268411749352
23,65,0.8913106723679546
23,105,0.8913106723679546
23,203,0.8913106723679546
11,21,0.8912885271243983
80,255,0.8909984548714226
57,47,0.8909241597029431
53,80,0.8907562777942407
53,200,0.8906682752788154
75,280,0.8905742439383187
76,223,0.8905696320392653
72,223,0.8905696320392653
54,300,0.8905209844074077
111,135,0.8904848622554565
21,165,0.8899649684576968
77,35,0.8897667213568244
54,208,0.8893286412126904
29,202,0.8888207940513282
53,141,0.888762984678702
53,84,0.8887516452889271
91,299,0.8885422979809067
9,128,0.8884557272995742
105,31,0.888441107969865
110,77,0.888419123630833
110,74,0.888419123630833
85,245,0.8881950916744358
42,319,0.8880679966779541
110,30,0.8879648801949556
80,277,0.8873980586051108
21,184,0.8873613927026667
80,32,0.8872431103159394
80,30,0.8872431103159394
53,310,0.8872243063487266
0,147,0.8870256701834387
11,306,0.8869800523518699
9,68,0.8868403648560809
9,90,0.8868403648560809
41,37,0.8865713257671847
41,33,0.8865713257671847
41,334,0.8865713257671847
41,44,0.8865713257671847
18,255,0.8864482774434125
102,158,0.8861114911615449
111,133,0.8857304067300085
110,69,0.8856709237575048
9,54,0.8855621510008782
111,207,0.8855090627092026
81,324,0.8854320121956948
12,324,0.8854320121956948
24,251,0.8853560371209609
18,42,0.8851753340552759
29,223,0.8846564153854765
72,28,0.8846305195953649
76,28,0.8846305195953649
29,28,0.8846305195953649
110,252,0.8845275341246791
34,97,0.8844663774418667
108,247,0.8843601258565241
74,247,0.8843601258565241
27,42,0.8843046478976272
27,245,0.8843046478976272
91,330,0.8840247301422262
80,37,0.8839268886069253
74,84,0.8838888413543483
7,84,0.8838888413543483
108,84,0.8838888413543483
91,84,0.8838888413543483
111,59,0.8837795836140935
111,40,0.8837795836140935
111,289,0.8834689218255403
0,324,0.8833115532290811
104,43,0.8831940211873285
36,284,0.8831926762871163
111,244,0.882645385623831
111,184,0.882645385623831
82,223,0.8823907321168549
99,331,0.8823206125716982
61,30,0.8820221606597766
99,310,0.8818971892643588
110,270,0.8817287814975393
110,280,0.8817287814975393
110,72,0.8816058644087995
26,27,0.8813240655865772
24,211,0.881293356413373
24,232,0.881293356413373
24,309,0.881293356413373
11,300,0.8812706729145543
54,75,0.8812527577715509
54,191,0.881009865306799
111,10,0.8809047532453167
1,270,0.8806785494569167
111,141,0.8804380033744126
75,222,0.8801458524842338
91,280,0.8799377237574262
74,280,0.8799377237574262
7,280,0.8799377237574262
76,280,0.8799377237574262
72,280,0.8799377237574262
57,245,0.8798687157562999
78,245,0.8798687157562999
11,273,0.8798330230771203
111,331,0.8795570105825078
111,301,0.879099697278801
111,28,0.879099697278801
54,132,0.8790759892870788
61,157,0.8790359541387737
54,271,0.8789134002110774
9,132,0.8787894858760527
9,303,0.8783741554389954
34,95,0.8781938772414507
11,130,0.8781703551633424
34,130,0.8781703551633424
67,33,0.8779817480359513
67,334,0.8779817480359513
21,122,0.877973901778589
111,300,0.8778859857549397
40,334,0.8773291588498259
40,44,0.8773291588498259
53,56,0.8771800702783862
54,202,0.8770956016756956
11,40,0.8767371251242163
34,40,0.8767371251242163
9,123,0.8759943918951297
9,158,0.875757863198346
41,32,0.8751620523969205
76,202,0.8750633922954543
72,202,0.8750633922954543
23,290,0.8747817521524782
36,159,0.874644350948262
110,79,0.8745745664718106
34,65,0.8745168406864897
34,70,0.8745072566788342
31,47,0.8742126631390088
99,297,0.8740585408154029
24,273,0.8740332883586219
61,143,0.8740294050389443
88,248,0.8739272284659982
88,156,0.8739272284659982
51,139,0.8739272284659982
88,139,0.8739272284659982
51,248,0.8739272284659982
51,156,0.8739272284659982
51,273,0.8739272284659982
88,273,0.8739272284659982
98,47,0.8738375357289072
9,9,0.8737233760906241
9,3,0.8737233760906241
9,5,0.8737233760906241
9,4,0.8737233760906241
24,186,0.8736063062641679
74,150,0.8732812561305623
108,150,0.8732812561305623
79,45,0.8730046579892364
79,41,0.8730046579892364
9,95,0.8728462580648267
102,2,0.8727589299442359
102,28,0.8727589299442359
102,196,0.8727589299442359
42,112,0.8727145647637049
51,157,0.8726919434245531
99,78,0.8724645268941558
110,80,0.8722081815358494
26,31,0.8717921071053
26,245,0.8717921071053
26,42,0.8717921071053
108,325,0.8714227355153327
21,9,0.8712526494710824
21,3,0.8712526494710824
21,4,0.8712526494710824
21,5,0.8712526494710824
110,222,0.8712149214035759
53,312,0.8705140654400443
54,196,0.8698339469819423
85,39,0.8696180814867227
36,122,0.8695228808980505
111,253,0.8687657546294699
111,218,0.8687657546294699
111,271,0.8687657546294699
111,280,0.867635056737581
111,270,0.867635056737581
37,277,0.8675327052771749
54,303,0.8673043858487974
61,329,0.8672872238768502
111,1,0.8672388323843685
54,284,0.8671686947319125
92,27,0.8671065355115437
93,27,0.8671065355115437
5,27,0.8671065355115437
23,133,0.8670053966954343
9,6,0.8669737863263693
23,160,0.8669431304307721
9,51,0.8667866981139029
60,299,0.8665034403095969
60,155,0.8665034403095969
91,270,0.86630187500271
111,200,0.8661888112465554
34,72,0.8659970403194873
111,201,0.8658185114893099
111,69,0.8658185114893099
30,47,0.8656613777343488
34,59,0.8656356018732069
11,59,0.8656356018732069
108,208,0.8654079847733381
91,208,0.8654079847733381
102,21,0.8652682351970574
72,36,0.8651512556895918
54,149,0.8648148596099822
111,283,0.8647819741750478
111,233,0.8647819741750478
111,234,0.8644904956992387
39,139,0.8639909497446475
39,273,0.8639909497446475
39,156,0.8639909497446475
39,248,0.8639909497446475
99,223,0.8636481218637587
110,110,0.8633766703623772
91,249,0.8626040805655784
91,144,0.8626040805655784
102,159,0.8625751105371995
11,323,0.862482869964837
64,44,0.8624009336483762
64,334,0.8624009336483762
24,249,0.8623642033347975
102,62,0.8617282846085467
110,7,0.8616882108561534
29,151,0.8615484098403291
74,321,0.8615468213014208
108,321,0.8615468213014208
88,39,0.8613364843844422
7,330,0.8609903234033351
53,223,0.8605225560004751
1,143,0.8602959081553542
99,122,0.8602706936468465
16,219,0.8600790104139269
110,184,0.8596934254612301
80,43,0.8593836908921166
70,44,0.8592804628086911
9,207,0.8591890165648042
9,98,0.8588516112652886
110,58,0.8586676634336435
80,31,0.8586354095360792
80,245,0.8586354095360792
0,21,0.8585491177423208
11,265,0.8584548765077156
18,277,0.8583299537323785
23,238,0.8581885515620372
60,34,0.8581147473975362
51,47,0.8579020258814807
9,40,0.8578644289342493
54,158,0.85780611857022
71,41,0.8575347276568629
41,31,0.8572718560651289
50,31,0.8572718560651289
9,77,0.8572529466515837
9,74,0.8572529466515837
77,284,0.8570322325652747
77,325,0.8570322325652747
96,30,0.8568645882359944
54,49,0.8566891165993973
55,27,0.8566408787066282
110,36,0.8565039544532663
110,102,0.8564068893794663
34,105,0.8563963545487305
54,248,0.8560476985384243
67,27,0.8556643575433713
67,32,0.8556643575433713
9,67,0.8555924232178639
43,43,0.8552705456242193
110,211,0.8552061048568478
3,19,0.8547779054530689
9,55,0.8547068647682665
36,39,0.854613000745701
110,25,0.8544745164667855
110,232,0.8544745164667855
23,247,0.8544511078375862
23,135,0.8544511078375862
80,42,0.8542107406796933
50,277,0.8535597394229392
76,235,0.8526078941867454
72,235,0.8526078941867454
110,310,0.8523603889572361
3,222,0.8520650285808382
11,95,0.852058186971369
41,245,0.8520172829028014
96,245,0.8520172829028014
41,42,0.8520172829028014
96,42,0.8520172829028014
9,200,0.8515483758482543
16,20,0.8509389784808684
88,321,0.8507975204759304
23,149,0.8506983893702167
16,270,0.8502374944583831
111,68,0.849769563696164
54,267,0.8497092053396971
76,201,0.8493671026443185
72,201,0.8493671026443185
103,44,0.849348244259405
74,325,0.8488963230339793
7,325,0.8488963230339793
111,308,0.8488723007164587
23,219,0.84873374665441
11,101,0.8485637434009573
34,101,0.8485637434009573
111,307,0.8481733776852924
99,191,0.8481406268099939
36,46,0.8480183564289807
36,26,0.8480183564289807
64,270,0.8477456447488511
110,24,0.8476827876928437
64,299,0.847466419755264
64,155,0.847466419755264
89,39,0.8471266824904361
87,39,0.8471266824904361
15,39,0.8471266824904361
96,39,0.8471266824904361
45,39,0.8471266824904361
41,39,0.8471266824904361
66,39,0.8471266824904361
11,152,0.8471089635081792
34,152,0.8471089635081792
111,121,0.8469775430984406
111,55,0.8469775430984406
111,120,0.8469775430984406
29,331,0.8468922157340399
29,23,0.8467516251223779
4,47,0.846728634210513
99,235,0.8464918024551753
54,184,0.8464914082739154
110,67,0.846439340445479
54,100,0.8459228883290707
111,60,0.845875959094834
111,291,0.845875959094834
111,330,0.845875959094834
4,245,0.8454735127607386
67,42,0.8454735127607386
67,245,0.8454735127607386
4,42,0.8454735127607386
29,235,0.8453905288496353
111,30,0.8453513998789008
70,33,0.8451995688722205
39,321,0.8451606456105012
64,34,0.8449496617089985
29,289,0.8447171122193335
69,43,0.8446987144690055
110,277,0.844698119970906
36,316,0.8446208942767043
36,84,0.8446208942767043
36,151,0.8446208942767043
61,47,0.8443522549001307
0,143,0.8442065549666612
0,270,0.8442065549666612
110,55,0.8441234595336957
110,120,0.8441234595336957
110,121,0.8441234595336957
9,124,0.8440296365654304
99,252,0.8438780663118219
61,10,0.843579011027452
99,201,0.8434979888375868
41,43,0.8433054294032344
51,34,0.8432908940715567
75,324,0.8428587941970572
22,219,0.8424391859268292
29,310,0.8418471134911164
77,28,0.841838768082385
77,2,0.841838768082385
91,6,0.8418308905145869
91,207,0.8418308905145869
58,45,0.8418192838937699
111,20,0.8410711961928597
7,252,0.8407966052675073
54,286,0.8405798810253422
111,147,0.8404982525111748
9,100,0.8402529665028583
24,282,0.8401872061015632
80,47,0.8400172315884048
111,160,0.8399786429212928
73,30,0.8398319978674272
36,155,0.8397662993736541
54,236,0.8397658591500634
99,1,0.8395394235469261
111,108,0.8392786412682888
99,144,0.8392162372158639
77,208,0.8391849086762649
74,311,0.8391071369170665
108,311,0.8391071369170665
3,244,0.8390549437131662
34,116,0.8384370563205764
11,116,0.8384370563205764
0,29,0.8381123690788386
111,247,0.8371538750140046
24,306,0.8368991581476735
105,264,0.8368395616501141
23,204,0.8367962568370061
85,47,0.8366520590697057
11,127,0.8365559352270188
99,284,0.8365128821336817
65,324,0.8364914528477727
11,90,0.8363954420039637
34,90,0.8363954420039637
24,316,0.8358083153320803
34,83,0.8355765721405183
11,83,0.8355765721405183
60,270,0.8348169463722172
7,224,0.8343104849178468
9,60,0.834046157778983
80,34,0.8337423394274577
34,86,0.8333034463445368
88,152,0.8326573005565404
51,152,0.8326573005565404
11,215,0.8324685085691892
34,92,0.8321357385956959
11,92,0.8321357385956959
51,329,0.8318776135847383
111,310,0.8317241570501703
9,104,0.831455333333966
110,87,0.8313764277717244
41,47,0.8307175950839956
96,47,0.8307175950839956
22,324,0.8304738446517617
11,321,0.8302386940082274
7,208,0.830079608501454
74,208,0.830079608501454
36,20,0.8300504635105396
9,93,0.8293453851483285
60,143,0.8292280277878062
72,147,0.8292161241377222
76,147,0.8292161241377222
93,270,0.8292118741096244
99,312,0.8291458633734454
84,39,0.8290948383268277
34,128,0.8286315937846729
18,324,0.8285455575161833
102,20,0.8285323330106436
16,34,0.8283609868364267
29,147,0.8282411374784492
111,35,0.8278640121818811
3,6,0.8278006802397323
110,319,0.8276304552308681
110,6,0.8276304552308681
104,33,0.8264799724226597
91,141,0.8260381749871516
75,19,0.8260040421134234
31,26,0.8258823569477852
97,26,0.8258823569477852
30,26,0.8258823569477852
68,26,0.8258823569477852
31,46,0.8258823569477852
97,46,0.8258823569477852
68,46,0.8258823569477852
25,147,0.8258307619874623
24,157,0.8257667994787711
60,27,0.8252071381399682
73,45,0.8251665103044116
45,47,0.8247999982088017
61,41,0.8247340910486147
11,2,0.8246682931652818
34,2,0.8246682931652818
39,152,0.8241095517699174
36,219,0.8240957710904782
11,211,0.8235279875606523
80,160,0.8234249569054626
16,324,0.8232200514396374
76,196,0.8232043963896154
29,196,0.8232043963896154
72,196,0.8232043963896154
3,207,0.8229524518689445
3,177,0.8229524518689445
76,84,0.8225911273108474
72,84,0.8225911273108474
93,143,0.8223459500863185
24,21,0.8221152670016059
110,106,0.8217384161991282
110,82,0.8217384161991282
34,60,0.8217367199713775
11,60,0.8217367199713775
9,235,0.8216605276031226
99,99,0.821512939844386
80,10,0.8214559003249956
61,252,0.821285885583897
77,152,0.8204478470200895
110,28,0.8203691219680107
110,301,0.8203691219680107
111,319,0.8203095087918937
111,6,0.8203095087918937
1,264,0.8199664156467961
102,34,0.8197554648657736
24,15,0.8194361754501878
72,10,0.8192530004357168
76,10,0.8192530004357168
11,232,0.8189291350108199
43,30,0.8185916694229816
11,165,0.8181001972206967
111,312,0.8178011684541917
51,174,0.8175280466769993
88,174,0.8175280466769993
72,284,0.8174783538140828
76,284,0.8174783538140828
84,47,0.8174776996812061
108,154,0.8171746088130304
108,275,0.8171746088130304
108,11,0.816905286226055
108,328,0.816905286226055
98,245,0.8168165125965596
98,42,0.8168165125965596
76,155,0.8167408855066832
72,155,0.8167408855066832
11,149,0.8167051555129755
4,39,0.8166349981133417
47,41,0.8161607615522535
34,104,0.8158406598105854
11,104,0.8158406598105854
23,29,0.8157954670514502
9,219,0.8154833242550001
74,323,0.8153696775444372
108,323,0.8153696775444372
13,43,0.8150363777942334
34,8,0.8142961966709585
11,20,0.8140932894395071
99,20,0.8140137513959261
24,265,0.813632941240893
75,177,0.8129978689325249
75,207,0.8129978689325249
11,17,0.8129637548721551
9,83,0.8126617903577213
7,160,0.8126093643275325
45,245,0.8125773998884335
15,245,0.8125773998884335
87,42,0.8125773998884335
87,245,0.8125773998884335
89,42,0.8125773998884335
15,42,0.8125773998884335
66,42,0.8125773998884335
66,245,0.8125773998884335
89,245,0.8125773998884335
45,42,0.8125773998884335
4,32,0.8123929461291434
4,27,0.8123929461291434
39,174,0.8122237109483215
16,299,0.8121965878351262
16,155,0.8121965878351262
16,215,0.8121965878351262
0,252,0.8118732273415709
36,324,0.8117667562869882
23,237,0.8117521451720628
23,56,0.8117521451720628
99,159,0.8117370148793871
83,45,0.8114460524857044
110,66,0.8112783776940601
110,93,0.8112783776940601
51,42,0.8106878532934325
51,245,0.8106878532934325
88,42,0.8106878532934325
88,245,0.8106878532934325
9,58,0.8103728141925308
11,29,0.8102236651646996
20,44,0.8098681535683819
20,334,0.8098681535683819
60,329,0.8096119309714678
29,155,0.8080413517870988
88,47,0.8079779270863144
102,122,0.8077870574418096
15,47,0.8072988046721349
89,47,0.8072988046721349
66,47,0.8072988046721349
87,47,0.8072988046721349
79,42,0.8070300157877622
79,245,0.8070300157877622
79,31,0.8070300157877622
110,273,0.8065192846517854
16,321,0.8059188082978161
49,27,0.8054208161864008
33,27,0.8054208161864008
106,27,0.8054208161864008
62,27,0.8054208161864008
63,27,0.8054208161864008
56,27,0.8054208161864008
107,27,0.8054208161864008
100,27,0.8054208161864008
65,219,0.8051920954536582
75,149,0.8050191276868026
75,251,0.8050191276868026
9,165,0.8047932954060085
74,36,0.8045619619236954
76,36,0.8045619619236954
7,36,0.8045619619236954
111,242,0.804310256855432
111,248,0.804310256855432
3,282,0.8034879956784627
91,274,0.8026885382124729
111,223,0.8022159173560031
51,270,0.8021533747565932
51,143,0.8021533747565932
11,72,0.8010969094660293
38,27,0.8009257165612792
85,219,0.8007716517270446
16,255,0.8006848361890504
105,160,0.8006046764067632
9,133,0.8003012027840912
79,27,0.7995269494328952
53,29,0.7989319194845395
110,141,0.7988583641630608
23,198,0.7984223894920395
7,241,0.7983420579785987
11,28,0.7983067093864229
34,28,0.7983067093864229
68,245,0.7983012904908189
97,245,0.7983012904908189
16,141,0.7982377188617945
98,39,0.7981944800636003
21,322,0.7981797911003933
99,35,0.7981234717916375
54,23,0.7980213769147236
21,108,0.7977849681498009
11,138,0.7976384830352111
11,311,0.796715915519096
83,277,0.7964070147731089
29,84,0.7963972178104085
72,310,0.7962291743279158
76,310,0.7962291743279158
108,289,0.7960726178058724
69,26,0.796048926511276
69,46,0.796048926511276
99,23,0.7959034345821016
0,312,0.7956031811482822
0,310,0.7956031811482822
36,34,0.7955133999427478
76,177,0.7944100901876036
72,177,0.7944100901876036
47,43,0.7934442708174121
108,191,0.7918109376279329
39,31,0.790469885416414
24,155,0.7881971695327163
60,157,0.7875901825269295
70,334,0.7871011153198559
37,324,0.7868860370415104
51,277,0.7866786882649003
88,277,0.7866786882649003
39,312,0.7866677927270748
88,312,0.7866677927270748
9,245,0.7865285139593271
29,159,0.7862380973823536
102,325,0.7860868407363614
102,284,0.7860868407363614
111,235,0.7851329354548064
11,203,0.7848367174889536
11,266,0.7848367174889536
11,16,0.7848367174889536
9,49,0.7843149678443391
61,42,0.7839532540884251
61,245,0.7839532540884251
80,252,0.7832939598168549
111,238,0.7831406611632628
21,105,0.7830037364128088
27,41,0.7829796222793342
39,262,0.7829093401211101
37,39,0.7825495495675477
11,120,0.7819848421697551
34,120,0.7819848421697551
88,262,0.7813668916671754
51,262,0.7813668916671754
9,101,0.7812905837786792
9,208,0.7808250115561752
43,277,0.780765652894162
111,149,0.7807597376797345
110,321,0.7807011738805748
26,47,0.7805005193652912
53,20,0.780230438991398
53,35,0.7801026905695015
29,177,0.7799453889510615
24,325,0.7798805770036564
9,102,0.7797949041551483
72,331,0.7793959346412568
76,331,0.7793959346412568
111,186,0.779173987439059
64,6,0.778238665180235
13,41,0.777648018353118
34,185,0.7773516250123877
88,289,0.7772593031738757
51,289,0.7772593031738757
77,34,0.7772160694906651
110,269,0.7770728995468077
111,112,0.7769910936433075
93,264,0.7768645804660614
11,35,0.7767719128105811
90,45,0.7767157201401227
17,45,0.7767157201401227
64,252,0.7765065533629099
99,84,0.7763765500374571
9,255,0.7763136490669935
9,324,0.7763136490669935
34,159,0.7761853608859092
88,315,0.7761630490553552
3,251,0.7760927577114024
3,149,0.7760927577114024
21,65,0.7759092442954397
75,141,0.775717526397658
111,267,0.7751147064857684
7,292,0.7750734098319971
3,32,0.7748228404471421
39,289,0.7748199199723278
37,26,0.7746938385813392
37,46,0.7746938385813392
25,157,0.7745846484759527
36,2,0.7745647334368594
111,24,0.7745386954458814
61,264,0.7745286562875507
102,152,0.7743821383885717
41,30,0.7743182910122974
1,160,0.7739640988307085
11,315,0.7737150623494788
111,138,0.7735946082838995
77,62,0.7734171270897996
9,92,0.773165660616546
96,43,0.772997140358513
80,143,0.7725786742351135
16,277,0.7721734275388098
54,70,0.7721466773393743
37,219,0.7718865848364465
46,277,0.7714567029378072
10,277,0.7714567029378072
108,143,0.771383301173492
54,72,0.771007692573221
99,36,0.7705937957286078
39,315,0.7703005339547646
9,107,0.7697268534652143
34,77,0.769644330212255
11,77,0.769644330212255
11,74,0.769644330212255
34,74,0.769644330212255
51,292,0.7695753657677266
88,23,0.7695753657677266
39,292,0.7695753657677266
51,23,0.7695753657677266
39,23,0.7695753657677266
88,292,0.7695753657677266
82,5,0.768688879081606
82,4,0.768688879081606
82,3,0.768688879081606
53,5,0.768688879081606
53,9,0.768688879081606
82,9,0.768688879081606
53,3,0.768688879081606
53,4,0.768688879081606
3,38,0.7684060109216712
25,34,0.7683974500268049
31,245,0.7678753969064149
30,245,0.7678753969064149
23,129,0.7672930929274073
99,290,0.7666880585944118
39,29,0.7663858074331067
88,310,0.7663858074331067
39,310,0.7663858074331067
88,29,0.7663858074331067
72,159,0.7661994410952258
76,159,0.7661994410952258
102,208,0.7661053563002921
21,89,0.7659659709770139
53,7,0.7655633770457001
82,7,0.7655633770457001
11,58,0.7653530000276841
34,58,0.7653530000276841
80,299,0.7652388075727183
80,155,0.7652388075727183
11,309,0.765206818789587
110,267,0.7648386601816907
7,237,0.7645953869992399
80,270,0.7643767173572725
99,200,0.7642333821063173
77,151,0.763204587191757
77,316,0.763204587191757
110,309,0.7628731141601686
3,47,0.7625423075629157
36,157,0.7619070841000838
108,36,0.7614997246077482
91,36,0.7614997246077482
30,39,0.7610464206765135
72,307,0.7609018625628065
76,307,0.7609018625628065
111,56,0.7603768834082855
64,143,0.7599956629663425
110,21,0.7596010489466902
108,305,0.7595367820508655
88,215,0.7595360505450394
39,215,0.7595360505450394
69,42,0.7591679819197116
72,164,0.7588626796066716
76,164,0.7588626796066716
74,289,0.7586523859526537
76,289,0.7586523859526537
7,289,0.7586523859526537
72,289,0.7586523859526537
24,206,0.7581697310653627
7,218,0.7579338757105107
64,157,0.7577892184239786
16,42,0.7570437818510674
24,13,0.756582413689664
74,191,0.7563128887565211
110,311,0.7562672910216567
74,11,0.7558221805556773
74,328,0.7558221805556773
54,116,0.7555169279777589
52,27,0.7552860663812496
74,275,0.7549524628037455
74,154,0.7549524628037455
16,143,0.7542830911165039
9,38,0.7536644693959288
105,47,0.7536517827133727
36,35,0.75346139634124
110,251,0.7530224045605894
103,334,0.7524445006618897
39,20,0.7521155357928216
88,20,0.7521155357928216
23,151,0.7520945385878999
24,313,0.7519475709052182
11,121,0.7516587875033333
34,121,0.7516587875033333
47,42,0.7515073612790663
13,42,0.7515073612790663
61,39,0.7514814935470285
74,153,0.7514783868086932
108,153,0.7514783868086932
61,307,0.7514415659321038
110,186,0.7513059028551424
29,307,0.750998607387855
3,245,0.7507742285832161
3,42,0.7507742285832161
91,282,0.7504632029697647
84,42,0.750413025267927
84,245,0.750413025267927
